Date,Boston Celtics,Miami Heat,Chicago Bulls,Orlando Magic,Los Angeles Clippers,Toronto Raptors,New Jersey Nets,Houston Rockets,Detroit Pistons,Milwaukee Bucks,Oklahoma City Thunder,Denver Nuggets,Memphis Grizzlies,New Orleans Hornets,Philadelphia 76ers,Los Angeles Lakers,Atlanta Hawks,Minnesota Timberwolves,Sacramento Kings,Utah Jazz,Indiana Pacers,Washington Wizards,Cleveland Cavaliers,New York Knicks,San Antonio Spurs,Dallas Mavericks,Phoenix Suns,Charlotte Bobcats,Portland Trail Blazers,Golden State Warriors
2011-12-25,1677.76771686054,1472.2393802185843,1584.6445710522203,1572.3922589397077,1473.6936077847565,1424.8425453128464,1622.51642381182,1498.8691886110066,1425.9842454639497,1479.095455253444,1467.360916065928,1399.4194977117331,1419.0000539424668,1550.1937880575251,1385.1804869470661,1384.0582282812438,1656.852970658026,1588.29430697022,1551.8300734067602,1596.5769058171168,1436.2428451688147,1568.2224519722613,1491.9921308765595,1299.785927327231,1483.1158146502519,1756.5744540179185,1559.743247371904,1312.7501211104504,1545.9091368428262,1314.851249494821
2011-12-26,1648.351709497602,1510.6209977141255,1586.6067294684312,1572.3922589397077,1473.6936077847565,1424.8425453128464,1622.51642381182,1498.8691886110066,1425.9842454639497,1479.095455253444,1467.360916065928,1399.4194977117331,1419.0000539424668,1550.1937880575251,1385.1804869470661,1382.0960698650329,1656.852970658026,1588.29430697022,1551.8300734067602,1596.5769058171168,1436.2428451688147,1568.2224519722613,1491.9921308765595,1329.201934690169,1483.1158146502519,1718.1928365223773,1559.743247371904,1312.7501211104504,1545.9091368428262,1314.851249494821
2011-12-27,1648.351709497602,1510.6209977141255,1586.6067294684312,1539.1586516148666,1483.3281314220028,1424.8425453128464,1622.51642381182,1498.8691886110066,1425.9842454639497,1479.095455253444,1500.5945233907692,1399.4194977117331,1419.0000539424668,1550.1937880575251,1385.1804869470661,1382.0960698650329,1656.852970658026,1588.29430697022,1551.8300734067602,1596.5769058171168,1436.2428451688147,1568.2224519722613,1491.9921308765595,1329.201934690169,1483.1158146502519,1718.1928365223773,1559.743247371904,1312.7501211104504,1545.9091368428262,1305.2167258575748
2011-12-28,1648.351709497602,1510.6209977141255,1539.5779438742077,1563.0822754277726,1483.3281314220028,1440.8681883749427,1630.5416899936279,1474.9455647981006,1394.5759361631797,1462.1973967090553,1512.6767546089222,1465.5493036147068,1391.1736143161497,1555.8127847037172,1375.2050296436505,1367.3090648518105,1656.852970658026,1576.212075752067,1566.6170784199826,1596.5769058171168,1467.6511544695848,1560.1971857904534,1475.966487814463,1329.201934690169,1510.942254276569,1652.0630306194037,1554.124250725712,1329.6481796548392,1555.8845941462419,1352.2455114517984
2011-12-29,1612.6031029795306,1546.369604232197,1539.5779438742077,1563.0822754277726,1483.3281314220028,1432.5560823172532,1600.9591862264508,1474.9455647981006,1394.5759361631797,1483.0859523334498,1512.6767546089222,1465.5493036147068,1391.1736143161497,1555.8127847037172,1375.2050296436505,1457.8213506285595,1686.435474425203,1555.3235201276725,1516.3450068454997,1506.0646200403678,1475.9632605272743,1560.1971857904534,1475.966487814463,1329.201934690169,1510.942254276569,1652.0630306194037,1554.124250725712,1329.6481796548392,1606.1566657207247,1352.2455114517984
2011-12-30,1561.162867787536,1548.1632589789374,1539.5779438742077,1563.0822754277726,1434.268280184052,1432.5560823172532,1600.9591862264508,1474.9455647981006,1381.79079985667,1483.0859523334498,1516.8253483886306,1511.2197483217674,1387.0250205364414,1607.2530198957118,1417.9824188875866,1457.8213506285595,1714.0213822572746,1555.3235201276725,1516.3450068454997,1460.3941753333072,1475.9632605272743,1532.6112779583818,1488.7516241209728,1295.8169117753737,1560.0021055145198,1652.0630306194037,1511.346861481776,1327.8545249080987,1606.1566657207247,1385.6305343665938
2011-12-31,1561.162867787536,1548.1632589789374,1552.0369583544266,1606.6073418294852,1434.268280184052,1432.5560823172532,1557.4341198247382,1532.1408507397564,1381.79079985667,1483.0859523334498,1535.7479603282345,1491.3880851787833,1387.0250205364414,1607.2530198957118,1417.9824188875866,1480.8030611573254,1714.0213822572746,1555.3235201276725,1503.8859923652808,1460.3941753333072,1475.9632605272743,1532.6112779583818,1488.7516241209728,1272.8352012466078,1502.806819572864,1633.1404186797997,1511.346861481776,1327.8545249080987,1625.9883288637088,1385.6305343665938
2012-01-01,1577.2205871969463,1554.8107369580011,1561.3065266966269,1611.8898640907516,1424.9987118418517,1416.2641911927712,1543.936062681764,1466.6184491862177,1401.2347664387994,1537.2035437404231,1535.7479603282345,1475.3441078035282,1452.54742208998,1580.7302263800207,1404.3359573553678,1496.8470385325804,1727.5194394002488,1548.6760421486088,1503.8859923652808,1474.040636865526,1464.7572946218083,1478.4936865514085,1464.4559040348988,1272.8352012466078,1502.806819572864,1649.4323098042817,1537.869654997467,1322.5720026468323,1625.9883288637088,1385.6305343665938
2012-01-02,1584.79102975393,1585.350853889109,1561.3065266966269,1622.399082158788,1424.9987118418517,1405.754973124735,1495.5080452346035,1521.6504602626849,1401.2347664387994,1537.2035437404231,1564.807811188812,1475.3441078035282,1452.54742208998,1580.7302263800207,1429.828108418179,1496.8470385325804,1672.4874283237816,1548.6760421486088,1450.6696473840095,1439.7127916270224,1464.7572946218083,1470.9232439944249,1512.8839214820593,1326.051546227879,1537.1346648113677,1649.4323098042817,1508.8098041368896,1292.0318857157245,1625.9883288637088,1360.1383833037826
2012-01-03,1584.79102975393,1585.350853889109,1613.6212586124564,1622.399082158788,1456.5052394643449,1405.754973124735,1495.5080452346035,1521.6504602626849,1401.2347664387994,1537.2035437404231,1564.807811188812,1504.155832203246,1400.2326901741505,1526.2911824530352,1429.828108418179,1468.0353141328626,1672.4874283237816,1601.7618944258058,1505.108691310995,1439.7127916270224,1464.7572946218083,1470.9232439944249,1512.8839214820593,1326.051546227879,1537.1346648113677,1596.3464575270846,1527.0569551206092,1292.0318857157245,1594.4818012412156,1341.891232320063
2012-01-04,1602.033943404071,1577.326574083477,1613.6212586124564,1571.1864250342055,1456.5052394643449,1412.2085788353115,1475.9295432416657,1521.6504602626849,1452.4474235633818,1515.6989417458808,1533.838884502791,1525.6604341977884,1400.2326901741505,1504.1271164587895,1429.828108418179,1468.0353141328626,1680.5117081294136,1625.2885079799507,1505.108691310995,1461.876857621268,1484.3357966147462,1453.680330344284,1512.8839214820593,1319.5979405173025,1513.6080512572228,1627.3153842131055,1527.0569551206092,1292.0318857157245,1594.4818012412156,1341.891232320063
2012-01-05,1602.033943404071,1577.326574083477,1629.7539864081302,1571.1864250342055,1456.5052394643449,1412.2085788353115,1475.9295432416657,1490.234884982282,1452.4474235633818,1478.12332148745,1523.3927493166339,1525.6604341977884,1453.8285792393747,1504.1271164587895,1429.828108418179,1499.4508894132655,1664.3789803337397,1625.2885079799507,1451.512802245771,1499.4524778796988,1484.3357966147462,1453.680330344284,1528.4946200053114,1319.5979405173025,1513.6080512572228,1627.3153842131055,1527.0569551206092,1276.4211871924724,1604.9279364273727,1341.891232320063
2012-01-06,1630.6807025710177,1627.550524792485,1637.50898876471,1599.7143671263914,1520.1780975989436,1462.7717794171292,1447.2827840747188,1426.5620268476832,1444.692421206802,1478.12332148745,1523.3927493166339,1570.1088450120976,1469.965314979316,1487.6481261351664,1446.307098741802,1499.4508894132655,1664.3789803337397,1609.1517722400094,1407.0643914314617,1499.4524778796988,1434.1118459057382,1425.152388252098,1477.9314194234937,1305.0445468258647,1525.2573832133396,1646.7645417646959,1507.6077975690189,1290.9745808839102,1604.9279364273727,1330.2419003639461
2012-01-07,1630.6807025710177,1640.6862275464905,1637.50898876471,1599.7143671263914,1520.1780975989436,1462.7717794171292,1447.2827840747188,1426.5620268476832,1444.692421206802,1459.2613765272715,1523.3927493166339,1570.1088450120976,1469.965314979316,1487.6481261351664,1446.307098741802,1477.8698614861535,1651.2432775797342,1609.1517722400094,1425.9263363916402,1499.4524778796988,1434.1118459057382,1425.152388252098,1477.9314194234937,1305.0445468258647,1591.7926470039424,1580.2292779740933,1507.6077975690189,1290.9745808839102,1626.5089643544848,1330.2419003639461
2012-01-08,1596.9263245329282,1640.6862275464905,1651.942524567062,1585.2808313240394,1520.1780975989436,1446.1733244158877,1463.8812390759604,1399.3204161093363,1394.6489951670653,1459.2613765272715,1550.6343600549808,1578.322029668201,1445.2031796344859,1479.4349414790631,1496.3505247815388,1491.869784982857,1652.7357450560041,1584.5407090797999,1425.9263363916402,1524.2146132245289,1467.8662239438277,1413.131388674719,1502.5424825837033,1317.0655464032438,1591.7926470039424,1580.2292779740933,1580.034070176863,1289.4821134076403,1554.0826917466406,1316.2419768672426
2012-01-09,1596.9263245329282,1646.776917960989,1614.5625744988442,1590.3941112870882,1537.931047792283,1387.9243136231087,1457.7905486614618,1395.7732366170144,1361.4363012048436,1441.5084263339322,1554.1815395473027,1561.4163926852696,1445.2031796344859,1452.586641748679,1554.5995355743178,1491.869784982857,1690.115695124222,1594.1934751123779,1420.8130564285914,1526.097979212511,1493.509110824469,1403.4786226421409,1502.5424825837033,1350.2782403654655,1608.6982839868738,1607.0775777044773,1580.034070176863,1263.839226526999,1554.0826917466406,1314.3586108792604
2012-01-10,1596.9263245329282,1646.776917960989,1614.5625744988442,1590.3941112870882,1537.931047792283,1387.9243136231087,1457.7905486614618,1395.7732366170144,1361.4363012048436,1417.2441695198083,1591.8248601000923,1561.4163926852696,1423.3462291757112,1452.586641748679,1554.5995355743178,1513.7267354416317,1690.115695124222,1594.1934751123779,1420.8130564285914,1526.097979212511,1493.509110824469,1403.4786226421409,1463.7375767611609,1350.2782403654655,1571.0549634340841,1607.0775777044773,1604.2983269909869,1263.839226526999,1592.887597569183,1314.3586108792604
2012-01-11,1596.9263245329282,1646.776917960989,1633.9975514153564,1590.3941112870882,1537.931047792283,1434.8557410756832,1454.9298729275015,1395.7732366170144,1342.0013242883315,1417.2441695198083,1591.8248601000923,1536.1094123113048,1423.3462291757112,1477.8936221226438,1578.4104488949122,1513.7267354416317,1692.9763708581822,1547.2620476598033,1420.8130564285914,1526.097979212511,1469.6981975038746,1403.4786226421409,1463.7375767611609,1363.56456857563,1571.0549634340841,1607.0775777044773,1604.2983269909869,1250.5528983168347,1592.887597569183,1314.3586108792604
2012-01-12,1596.9263245329282,1607.0366668611716,1643.748869253222,1590.3941112870882,1516.665028743022,1393.901536002523,1454.9298729275015,1403.399147489,1337.6633396674679,1440.0203041146744,1595.897164336757,1536.1094123113048,1419.2739249390465,1477.8936221226438,1610.7820618063872,1563.4692915332284,1692.9763708581822,1537.5107298219377,1388.4414435171163,1546.840763555873,1469.6981975038746,1444.432827715301,1442.9947924177989,1363.56456857563,1548.278828839218,1611.415562325341,1554.5557708993902,1242.9269874448491,1614.153616618444,1354.0988619790778
2012-01-13,1588.1339875285519,1579.6895157103738,1660.9466315933964,1598.6564580789345,1544.0121798938198,1382.4134786789414,1435.4959621241064,1390.3875548303724,1337.6633396674679,1440.0203041146744,1603.7385332644837,1555.5433231147,1419.2739249390465,1470.052253194917,1573.065643002858,1570.386658945874,1638.644779701093,1537.5107298219377,1399.929500840698,1539.9233961432276,1524.0297886609637,1427.2350653751266,1442.9947924177989,1401.2809873791591,1561.2904214978455,1620.2078993297173,1554.5557708993902,1242.9269874448491,1605.8912698265976,1354.0988619790778
2012-01-14,1588.1339875285519,1579.6895157103738,1660.9466315933964,1602.0999622028771,1544.0121798938198,1382.4134786789414,1435.4959621241064,1390.3875548303724,1318.3641351694255,1459.3195086127168,1603.7385332644837,1555.5433231147,1448.3049671267145,1470.052253194917,1573.065643002858,1570.386658945874,1649.5486337105915,1537.5107298219377,1399.929500840698,1539.9233961432276,1524.0297886609637,1427.2350653751266,1465.9624857222639,1372.2499451914912,1561.2904214978455,1620.2078993297173,1531.5880775949252,1232.0231334353507,1605.8912698265976,1350.6553578551352
2012-01-15,1578.8994138769795,1543.1535111945977,1670.1812052449689,1602.0999622028771,1544.0121798938198,1377.7127167832114,1452.080401115678,1427.1876291847834,1331.3610185093298,1428.239181255649,1603.7385332644837,1592.079327630476,1448.3049671267145,1461.8593056620437,1610.6024966378013,1584.2331871466797,1649.5486337105915,1545.7036773548111,1363.129426486287,1539.9233961432276,1528.7305505566937,1389.6982117401833,1452.115957521458,1372.2499451914912,1605.6041181029718,1651.288226686785,1515.0036386033537,1219.0262500954464,1561.5775732214713,1350.6553578551352
2012-01-16,1537.7598060040987,1543.1535111945977,1680.7250108720355,1602.0999622028771,1572.2989496934426,1367.1689111561448,1426.4686298294303,1446.0754867693681,1317.819127291386,1428.239181255649,1617.1865250613162,1592.079327630476,1476.4773487658745,1433.6869240228837,1615.913919069544,1555.946417347057,1659.0761153876888,1536.1761956777138,1339.8123152921455,1565.5351674294752,1569.8701584295745,1384.3867893084407,1452.115957521458,1358.8019533946588,1605.6041181029718,1674.6053378809265,1515.0036386033537,1264.2399393259157,1542.6897156368866,1318.9835598426098
2012-01-17,1537.7598060040987,1543.1535111945977,1617.3906964905593,1605.8182373810257,1589.6941673023214,1358.7690935251521,1409.0734122205515,1455.1687487043048,1317.819127291386,1411.8663318149718,1617.1865250613162,1576.5601311981834,1539.8116631473506,1427.0293429116145,1632.2867685102212,1555.946417347057,1667.4759330186814,1536.1761956777138,1339.8123152921455,1581.0543638617678,1569.8701584295745,1375.293527373504,1456.8432850141246,1355.0836782165102,1628.3938761826457,1674.6053378809265,1492.2138805236798,1259.5126118332491,1549.3472967481557,1318.9835598426098
2012-01-18,1528.8212006296078,1543.1535111945977,1617.3906964905593,1605.8182373810257,1589.6941673023214,1358.7690935251521,1409.0734122205515,1455.1687487043048,1317.819127291386,1411.8663318149718,1626.125130435807,1576.5601311981834,1539.8116631473506,1427.0293429116145,1632.2867685102212,1577.054792355387,1667.4759330186814,1552.7744638442591,1323.2140471256002,1581.0543638617678,1569.8701584295745,1375.293527373504,1456.8432850141246,1355.0836782165102,1628.3938761826457,1653.4969628725964,1492.2138805236798,1259.5126118332491,1549.3472967481557,1318.9835598426098
2012-01-19,1528.8212006296078,1604.3212866128852,1648.213138064062,1611.30000717822,1528.8132285547285,1358.7690935251521,1409.0734122205515,1480.5676292989988,1292.420246696692,1405.7373128325887,1626.125130435807,1582.6891501805665,1539.8116631473506,1427.0293429116145,1632.2867685102212,1577.054792355387,1667.4759330186814,1552.7744638442591,1323.2140471256002,1641.9353026093606,1569.8701584295745,1375.293527373504,1433.1168861223387,1355.0836782165102,1567.2261007643583,1653.4969628725964,1461.3914389501772,1254.0308420360548,1549.3472967481557,1342.7099587343957
2012-01-20,1556.232692681703,1604.3212866128852,1648.213138064062,1603.5263352114482,1547.303413393697,1331.357601473057,1428.0330020043862,1480.5676292989988,1283.2681488689434,1405.7373128325887,1598.6798330948457,1593.0960763069743,1545.8137437382704,1421.0272623206947,1621.8798423838134,1577.054792355387,1677.9227673235423,1561.9265616720077,1354.03011193357,1641.9353026093606,1539.0540936216048,1402.7388247144654,1433.1168861223387,1350.598157718486,1574.9997727311302,1635.006778033628,1465.8769594482014,1254.0308420360548,1538.9004624432948,1323.750368950561
2012-01-21,1556.232692681703,1632.529497024621,1648.213138064062,1603.5263352114482,1547.303413393697,1331.357601473057,1428.0330020043862,1491.7123912584498,1283.2681488689434,1405.7373128325887,1598.6798330948457,1593.0960763069743,1545.8137437382704,1409.8825003612437,1621.8798423838134,1548.8465819436512,1677.9227673235423,1561.9265616720077,1354.03011193357,1634.2517584812924,1539.0540936216048,1402.7388247144654,1433.1168861223387,1350.598157718486,1574.9997727311302,1642.6903221616963,1465.8769594482014,1254.0308420360548,1538.9004624432948,1323.750368950561
2012-01-22,1538.7131668186307,1632.529497024621,1660.0882228269886,1630.8064432569333,1540.3228567618496,1326.510529078129,1428.0330020043862,1491.7123912584498,1278.2555057455143,1419.0316027588315,1598.6798330948457,1596.344436746361,1550.8263868616996,1409.8825003612437,1663.6520276768106,1521.5664738981661,1636.1505820305451,1568.907118303855,1368.310897387927,1634.2517584812924,1541.5547539591498,1399.4904642750787,1421.241801359412,1337.3038677922432,1560.718987276773,1642.6903221616963,1483.3964853112739,1254.0308420360548,1543.747534838223,1321.249708613016
2012-01-23,1543.9440223593788,1651.699973573531,1663.729926617762,1630.8064432569333,1554.9054712665986,1311.92791457338,1437.7321000967097,1510.4778745436354,1306.4227855561574,1451.377731086746,1604.614965854487,1598.8016707380114,1584.5527286168099,1407.9237073622883,1612.135422799986,1521.5664738981661,1661.4147090225822,1545.4380262543525,1334.5845556328168,1657.720850530795,1541.5547539591498,1394.2596087343306,1395.977674367375,1334.8466338005928,1541.9535039915875,1644.6491151606517,1483.3964853112739,1234.7549073933164,1515.5802550275798,1321.249708613016
2012-01-24,1543.9440223593788,1651.699973573531,1663.729926617762,1630.8064432569333,1554.9054712665986,1311.92791457338,1437.7321000967097,1510.4778745436354,1306.4227855561574,1451.377731086746,1604.614965854487,1598.8016707380114,1584.5527286168099,1407.9237073622883,1612.135422799986,1515.6786806980188,1661.4147090225822,1545.4380262543525,1334.5845556328168,1657.720850530795,1547.4425471592972,1394.2596087343306,1395.977674367375,1334.8466338005928,1541.9535039915875,1644.6491151606517,1483.3964853112739,1234.7549073933164,1515.5802550275798,1321.249708613016
2012-01-25,1622.4767802492836,1651.699973573531,1679.6897586595253,1552.2736853670285,1554.9054712665986,1311.92791457338,1421.7722680549464,1531.3368228974466,1292.7277495957967,1448.1360647582674,1618.3100018148477,1598.8016707380114,1585.9299439883828,1404.5647309194026,1632.288425178146,1515.6786806980188,1664.656375351061,1524.5790779005413,1317.7332113388663,1657.720850530795,1547.4425471592972,1374.1066063561705,1395.977674367375,1334.8466338005928,1545.3124804344732,1656.8195479921444,1471.2260524797812,1234.7549073933164,1532.4315993215303,1319.8724932414432
2012-01-26,1622.4767802492836,1660.3714076274493,1679.6897586595253,1572.8997607051858,1554.9054712665986,1325.6501371826516,1421.7722680549464,1531.3368228974466,1292.7277495957967,1448.1360647582674,1618.3100018148477,1598.8016707380114,1546.3965253619203,1404.5647309194026,1632.288425178146,1515.6786806980188,1664.656375351061,1524.5790779005413,1317.7332113388663,1657.720850530795,1526.8164718211399,1374.1066063561705,1387.3062403134566,1354.2577265909847,1545.3124804344732,1656.8195479921444,1457.5038298705094,1215.3438146029246,1571.9650179479927,1319.8724932414432
2012-01-27,1622.4767802492836,1661.4039767076952,1662.7739582675426,1572.8997607051858,1533.0387327486,1353.0209292122315,1445.9104863904406,1516.8137529445185,1291.6951805155509,1462.6591347111955,1631.3191468020732,1605.362677761592,1546.3965253619203,1391.555585932177,1608.1502068426519,1537.5454192160173,1598.4419598904128,1554.7764131279275,1311.1722043152856,1630.350058501215,1543.7322722131225,1397.3985645909593,1413.4101825369203,1328.153784367521,1611.5268958951212,1626.6222127647582,1457.5038298705094,1192.0518563681358,1527.2926785915797,1364.5448325978562
2012-01-28,1632.1142431094343,1661.4039767076952,1662.7739582675426,1563.2622978450352,1557.3739525366254,1353.0209292122315,1445.9104863904406,1516.8137529445185,1291.6951805155509,1462.6591347111955,1631.3191468020732,1605.362677761592,1522.061305573895,1391.555585932177,1608.1502068426519,1537.5454192160173,1598.4419598904128,1554.7764131279275,1311.1722043152856,1630.350058501215,1543.7322722131225,1397.3985645909593,1413.4101825369203,1328.153784367521,1611.5268958951212,1626.6222127647582,1457.5038298705094,1192.0518563681358,1527.2926785915797,1364.5448325978562
2012-01-29,1649.665325055805,1668.6476690465456,1673.983254762737,1479.9267596746101,1557.3739525366254,1338.9170073959299,1452.3412752774527,1554.4863303134616,1289.6473521480423,1451.4498382160011,1634.9969650528253,1619.4665995778937,1522.061305573895,1474.8911241026021,1614.6729211626557,1537.5454192160173,1600.4897882579214,1584.3180385987332,1311.1722043152856,1592.4714037396907,1526.1811902667519,1359.725987222016,1406.9793936499082,1320.9100920286705,1581.9852704243156,1664.5008675262825,1399.568257720697,1185.529142048132,1585.2282507413922,1360.867014347104
2012-01-30,1636.9895477872562,1686.5243617542537,1656.106562055029,1461.6511617222861,1557.3739525366254,1374.503341710868,1416.7549409625146,1568.5101154308738,1277.2989020105613,1489.9948894883742,1634.9969650528253,1619.4665995778937,1503.6608128760367,1474.8911241026021,1627.0213713001367,1499.0003679436443,1600.4897882579214,1584.3180385987332,1306.0856918772452,1597.5579161777312,1544.4567882190759,1362.862447279697,1419.6551709184569,1306.8863069112583,1573.3745374784985,1673.1116004720996,1417.9687504185551,1182.392681990451,1585.2282507413922,1360.867014347104
2012-01-31,1636.9895477872562,1686.5243617542537,1656.106562055029,1461.6511617222861,1568.3162501535137,1374.503341710868,1416.7549409625146,1568.5101154308738,1277.2989020105613,1489.9948894883742,1634.9969650528253,1608.5243019610054,1503.6608128760367,1462.170700041258,1627.0213713001367,1512.3241861660995,1613.2102123192656,1570.994220376278,1306.0856918772452,1597.5579161777312,1544.4567882190759,1362.862447279697,1419.6551709184569,1306.8863069112583,1573.3745374784985,1673.1116004720996,1417.9687504185551,1182.392681990451,1585.2282507413922,1360.867014347104
2012-02-01,1636.9895477872562,1701.886578910293,1659.0802507711917,1450.7631707911269,1607.1469799901859,1374.503341710868,1416.7549409625146,1553.1678860798586,1255.952639031238,1511.3411524676974,1596.1662352161532,1608.5243019610054,1493.6650580199553,1446.8084828852186,1637.909362231296,1512.3241861660995,1613.2102123192656,1586.3364497272933,1306.0856918772452,1614.5221244944173,1544.4567882190759,1359.8887585635343,1419.6551709184569,1306.8863069112583,1583.37029233458,1679.5628659956742,1411.5174848949805,1182.392681990451,1568.264042424706,1360.867014347104
2012-02-02,1639.4619684042352,1701.886578910293,1659.0802507711917,1450.7631707911269,1607.1469799901859,1367.4191090859276,1401.6038845311875,1553.1678860798586,1207.8606082887427,1511.3411524676974,1596.1662352161532,1587.5957806994827,1514.593579281478,1446.8084828852186,1637.909362231296,1528.9730957745012,1620.294444944206,1586.3364497272933,1292.9834095779638,1614.5221244944173,1559.607844650403,1359.8887585635343,1417.1827503014779,1354.9783376537537,1583.37029233458,1679.5628659956742,1411.5174848949805,1165.7437723820492,1568.264042424706,1373.9692966463854
2012-02-03,1663.261184250146,1662.0516081351295,1617.5060748136157,1466.7514645904898,1613.8007080960263,1343.6198932400168,1409.2648619357772,1530.1228162363748,1200.199630884153,1551.176123242861,1614.461267309017,1587.5957806994827,1514.593579281478,1424.0838136118464,1679.483538188872,1528.9730957745012,1620.294444944206,1570.805132538403,1292.9834095779638,1607.868396388577,1575.1391618392931,1343.9004647641714,1417.1827503014779,1354.9783376537537,1606.4153621780638,1661.2678339028103,1434.2421541683527,1151.8085900774863,1582.199224729269,1373.9692966463854
2012-02-04,1663.261184250146,1662.0516081351295,1619.4194860323355,1466.7514645904898,1588.492601357035,1343.6198932400168,1409.2648619357772,1530.1228162363748,1200.199630884153,1551.176123242861,1614.461267309017,1612.903887438474,1546.8755256612806,1407.3288430520774,1679.483538188872,1528.9730957745012,1588.0124985644034,1570.805132538403,1322.3343137003067,1535.3511068844582,1575.1391618392931,1343.9004647641714,1417.1827503014779,1353.0649264350338,1623.1703327378327,1661.2678339028103,1434.2421541683527,1151.8085900774863,1552.848320606926,1446.486586150504
2012-02-05,1667.061685412836,1685.6135627403683,1619.4194860323355,1488.4009556549934,1588.492601357035,1384.4158652453564,1405.9065183439607,1561.0468674524084,1253.0720271303044,1498.3037269967097,1633.3416016199265,1600.9928695682822,1527.9951913503712,1407.3288430520774,1655.9215835836333,1540.884113644693,1588.0124985644034,1574.1634761302196,1322.3343137003067,1535.3511068844582,1596.0510434804742,1303.1044927588318,1395.5332592369743,1349.264425272344,1623.1703327378327,1640.3559522616292,1403.3181029523191,1151.8085900774863,1552.848320606926,1446.486586150504
2012-02-07,1693.292154208962,1691.9810541902302,1632.8542395751365,1501.4077592907142,1594.406754207496,1378.0483737954946,1378.5412966444496,1534.9994553678555,1272.7753405877745,1484.8689734539087,1601.7786510965852,1548.8759872847336,1501.764722554245,1387.6255295946073,1666.6217064447865,1513.3543327500488,1577.3123757032502,1600.2108882147725,1357.0373893100666,1562.8808877791023,1583.0442398447533,1297.1903399083708,1422.6844018084705,1376.629646971855,1654.733283261174,1613.204809690133,1411.4509380152988,1143.6757550145066,1604.9652028904748,1411.7835105407441
2012-02-08,1693.292154208962,1691.9810541902302,1638.9341374152937,1495.3680461834833,1600.446467314727,1358.7253254947987,1372.4613988042925,1548.7878723004385,1272.7753405877745,1484.8689734539087,1610.3290415572128,1535.0875703521506,1497.3387953347,1373.814131322663,1678.067572502584,1501.9084666922513,1552.9122991847273,1600.2108882147725,1370.848787582011,1514.9739460974706,1583.0442398447533,1316.5133882090668,1422.6844018084705,1424.5365886534867,1659.159210480719,1613.204809690133,1435.8510145338216,1143.6757550145066,1596.4148124298472,1411.7835105407441
2012-02-09,1695.4261833938883,1705.5500797126504,1638.9341374152937,1495.3680461834833,1600.446467314727,1358.7253254947987,1372.4613988042925,1548.7878723004385,1272.7753405877745,1476.936713300806,1613.073831660289,1535.0875703521506,1497.3387953347,1373.814131322663,1678.067572502584,1501.9084666922513,1552.9122991847273,1605.8503936243783,1365.2092821724052,1499.2065815930143,1598.8116043492096,1316.5133882090668,1409.1153762860504,1424.5365886534867,1659.159210480719,1613.204809690133,1443.7832746869242,1141.5417258295804,1596.4148124298472,1409.038720437668
2012-02-10,1695.4261833938883,1649.725173602241,1645.0266764174328,1551.1929522938926,1563.4793103361176,1352.8886528512485,1355.6552940240058,1562.5207431428164,1289.5814453680612,1482.7733859443563,1613.073831660289,1525.4960081262616,1523.3052850842705,1367.7215923205238,1663.045234711862,1501.9084666922513,1585.7355582345192,1579.8839038748079,1365.2092821724052,1499.2065815930143,1565.9883452994177,1306.2840032865201,1446.0825332646598,1434.7659735760333,1674.181548271441,1622.796371916022,1443.7832746869242,1141.5417258295804,1582.6819415874693,1409.038720437668
2012-02-11,1684.3920321969233,1649.725173602241,1645.0266764174328,1551.1929522938926,1563.4793103361176,1352.8886528512485,1355.6552940240058,1568.8534837723892,1289.5814453680612,1482.7733859443563,1578.7091328470535,1506.224163906327,1523.3052850842705,1367.7215923205238,1663.045234711862,1512.9426178892163,1585.7355582345192,1579.8839038748079,1399.5739809856407,1499.2065815930143,1565.9883452994177,1306.2840032865201,1446.0825332646598,1434.7659735760333,1674.181548271441,1622.796371916022,1437.4505340573514,1141.5417258295804,1582.6819415874693,1428.3105646576025
2012-02-12,1618.782005610211,1652.8497515965673,1646.8427523193234,1545.6875404517048,1571.550229633037,1418.4986794379608,1306.8504906876865,1568.8534837723892,1338.3862487043805,1487.3327594925702,1590.5156294757185,1506.224163906327,1547.555595106763,1363.6526525407307,1654.9743154149426,1484.0552739947511,1591.240970076707,1570.6674182017264,1399.5739809856407,1487.4000849643494,1541.7380352769253,1303.1594252921939,1441.523159716446,1463.6533174704985,1674.181548271441,1632.0128575891035,1437.4505340573514,1139.7256499276898,1586.7508813672623,1428.3105646576025
2012-02-13,1637.8457164831896,1652.8497515965673,1627.7790414463448,1552.850064473266,1573.9564557722895,1413.7493086099112,1304.470538824204,1568.8534837723892,1312.100135483335,1480.170235471009,1590.5156294757185,1516.0451577011288,1547.555595106763,1363.6526525407307,1661.059109832497,1488.8046448228008,1591.240970076707,1560.7529898770504,1385.1459835612043,1487.4000849643494,1531.9170414821235,1329.4455385132394,1435.4383652988915,1473.5677457951745,1676.5615001349236,1645.5333149391952,1451.8785314817878,1137.3194237884372,1573.2304240171707,1428.3105646576025
2012-02-14,1637.8457164831896,1669.2615318680535,1627.7790414463448,1552.850064473266,1573.9564557722895,1413.7493086099112,1304.470538824204,1530.29541831092,1312.100135483335,1480.170235471009,1590.5156294757185,1516.0451577011288,1529.7383397184985,1363.6526525407307,1661.059109832497,1488.8046448228008,1574.829189805221,1560.7529898770504,1385.1459835612043,1505.2173403526137,1531.9170414821235,1329.4455385132394,1435.4383652988915,1473.5677457951745,1676.5615001349236,1645.5333149391952,1451.8785314817878,1137.3194237884372,1573.2304240171707,1466.8686301190717
2012-02-15,1637.8457164831896,1677.138894703996,1627.7790414463448,1587.7427219493322,1559.9569197452245,1413.7493086099112,1304.470538824204,1530.29541831092,1312.100135483335,1472.2928726350665,1590.5156294757185,1516.0451577011288,1529.7383397184985,1394.3509581412109,1661.7563431106219,1488.8046448228008,1574.829189805221,1525.8603324009841,1385.1459835612043,1474.5190347521336,1531.9170414821235,1329.4455385132394,1435.4383652988915,1473.5677457951745,1676.5615001349236,1659.5328509662602,1431.3034988418935,1136.6221905103123,1573.2304240171707,1487.443662758966
2012-02-16,1637.8457164831896,1685.9622392177962,1636.2616944891013,1587.7427219493322,1559.9569197452245,1408.0992792807308,1304.470538824204,1501.368587316191,1310.909637908907,1472.2928726350665,1627.6613429288134,1547.0037274512695,1558.6651707132276,1394.3509581412109,1661.7563431106219,1520.5811425294903,1543.0526920985315,1525.8603324009841,1376.6633305184478,1437.3733212990387,1523.0936969683232,1371.7916222461863,1435.4383652988915,1479.2177751243548,1677.7519977093516,1659.5328509662602,1400.3449290917529,1136.6221905103123,1530.8843402842238,1487.443662758966
2012-02-17,1597.9357766975565,1685.9622392177962,1636.2616944891013,1635.5237845080987,1581.3415780988737,1405.3355800334232,1301.9441916745725,1516.8909615253947,1350.81957769454,1462.0021584871402,1612.1389687196097,1517.932120103279,1561.191517862859,1404.6416722891372,1613.9752805518553,1520.5811425294903,1546.2616819166242,1531.8738460272011,1349.9888885188939,1437.3733212990387,1484.4038100672683,1350.406963892537,1474.1282521999465,1505.8922171239087,1680.5156969566592,1688.6044583142507,1397.1359392736601,1130.6086768840953,1536.1646423552643,1482.1633606879254
2012-02-18,1573.8603512984705,1685.9622392177962,1660.3371198881873,1635.5237845080987,1587.4011184617634,1405.3355800334232,1291.8166613888839,1516.8909615253947,1350.81957769454,1462.0021584871402,1612.1389687196097,1517.932120103279,1561.191517862859,1404.6416722891372,1613.9752805518553,1520.5811425294903,1546.2616819166242,1531.8738460272011,1349.9888885188939,1437.3733212990387,1494.531340352957,1350.406963892537,1474.1282521999465,1505.8922171239087,1680.5156969566592,1688.6044583142507,1397.1359392736601,1130.6086768840953,1530.1051019923746,1482.1633606879254
2012-02-19,1573.8603512984705,1694.4547802334168,1611.4737270094656,1650.0763172885272,1582.6058477565161,1376.6925354942123,1340.6800542676056,1501.6167958974168,1372.2863506886374,1447.4496257067117,1644.3920972957485,1508.0931043359967,1571.0305336301412,1417.3486489828301,1606.064893421417,1541.885916163798,1546.2616819166242,1547.148011655179,1328.5221155247964,1464.3424260757993,1494.531340352957,1323.4378591157765,1465.6357111843258,1493.1852404302158,1685.3109676619065,1696.514845444689,1375.8311656393525,1159.2517214233062,1530.1051019923746,1449.9102321117866
2012-02-20,1513.5164664485535,1722.677247749266,1611.4737270094656,1621.8538497726781,1582.6058477565161,1376.6925354942123,1340.6800542676056,1501.6167958974168,1432.6302355385544,1447.4496257067117,1644.3920972957485,1508.0931043359967,1578.4973895683654,1417.3486489828301,1606.064893421417,1541.885916163798,1498.5008975655298,1547.148011655179,1321.5068400014864,1464.3424260757993,1511.4361595630012,1323.4378591157765,1472.6509867076359,1531.018579115914,1685.3109676619065,1658.6815067589907,1375.8311656393525,1142.3469022132622,1577.865886343469,1442.4433761735625
2012-02-21,1513.5164664485535,1722.677247749266,1632.4567693041279,1621.8538497726781,1582.6058477565161,1376.6925354942123,1333.9461157742696,1536.5065517238818,1432.6302355385544,1454.1835642000476,1657.856625104853,1494.6285765268922,1578.4973895683654,1417.3486489828301,1592.840198060922,1493.2670871881132,1477.5178552708676,1560.3727070156742,1321.5068400014864,1429.4526702493342,1511.4361595630012,1323.4378591157765,1472.6509867076359,1531.018579115914,1685.3109676619065,1658.6815067589907,1424.4499946150372,1142.3469022132622,1577.865886343469,1442.4433761735625
2012-02-22,1489.887704305714,1722.677247749266,1632.4567693041279,1625.1031176521765,1549.3080159721676,1376.6925354942123,1358.9954633921955,1556.3036224432722,1432.6302355385544,1450.9342963205493,1667.9166168431586,1510.7147756066092,1558.700318848975,1407.2886572445245,1592.840198060922,1531.6731841924873,1477.5178552708676,1544.2865079359572,1321.5068400014864,1427.2037856826234,1511.4361595630012,1295.4252803145546,1472.6509867076359,1505.9692314979882,1687.5598522286173,1682.3102689018303,1452.4625734162591,1142.3469022132622,1539.4597893390949,1475.741207957911
2012-02-23,1489.887704305714,1728.307850300934,1632.4567693041279,1625.1031176521765,1549.3080159721676,1376.6925354942123,1358.9954633921955,1556.3036224432722,1422.68748336612,1450.9342963205493,1667.9166168431586,1510.7147756066092,1596.2533473128099,1388.116993500631,1555.287169597087,1531.6731841924873,1477.5178552708676,1544.2865079359572,1315.8762374498183,1427.2037856826234,1530.6078233068947,1295.4252803145546,1482.5937388800703,1505.9692314979882,1578.785442392714,1682.3102689018303,1452.4625734162591,1142.3469022132622,1648.2341991749981,1475.741207957911
2012-02-24,1470.141149225564,1728.307850300934,1655.2979273001868,1630.014200794818,1571.7452778763961,1409.5240876230916,1354.084380249554,1577.75864327408,1389.8559312372406,1428.0931383244904,1687.6631719233085,1488.2775137023807,1596.2533473128099,1401.9070812645061,1533.8321487662793,1548.4650958598334,1440.1341533562875,1553.351587828488,1326.9163424005617,1418.1387057900927,1532.7073767405984,1284.3851753638112,1468.8036511161952,1543.3529334125683,1578.785442392714,1665.5183572344843,1446.662760520116,1140.2473487795585,1648.2341991749981,1481.541020854054
2012-02-29,1470.141149225564,1746.619259111939,1655.2979273001868,1599.1782127138215,1571.7452778763961,1409.5240876230916,1354.084380249554,1577.75864327408,1389.8559312372406,1428.0931383244904,1710.8382586083442,1476.5774151778196,1596.2533473128099,1401.9070812645061,1533.8321487662793,1525.2900091747977,1470.970141437284,1553.351587828488,1326.9163424005617,1418.1387057900927,1532.7073767405984,1284.3851753638112,1468.8036511161952,1525.0415246015632,1590.485540917275,1665.5183572344843,1446.662760520116,1140.2473487795585,1648.2341991749981,1481.541020854054
2012-03-01,1477.5499312089103,1746.619259111939,1661.8899963431306,1599.1782127138215,1554.9380270777933,1400.9775229676136,1369.0981394887547,1586.305207929558,1375.782525942984,1434.9263988146502,1710.8382586083442,1476.5774151778196,1596.2533473128099,1395.3150122215623,1547.905554060536,1525.2900091747977,1470.970141437284,1570.1588386270907,1356.7288645921956,1388.3261835984588,1576.8779295571144,1277.5519148736514,1461.394869132849,1525.0415246015632,1590.485540917275,1650.5045979952836,1446.662760520116,1140.2473487795585,1648.2341991749981,1437.370468037538
2012-03-02,1496.412229971241,1746.619259111939,1669.9265368972428,1601.219750009482,1554.9380270777933,1415.291810462039,1369.0981394887547,1510.8684922676775,1391.0518754417585,1416.0641000523194,1714.6090428090904,1517.7125641653565,1631.850782705315,1381.000724727137,1544.1347698597897,1575.153367224896,1462.3576690871753,1520.2954805769923,1356.7288645921956,1463.7628992603393,1576.8779295571144,1275.510377577991,1428.0768535446962,1558.359540189716,1582.449000363163,1614.9071626027785,1446.662760520116,1124.977999280784,1607.0990501874612,1445.9829403876467
2012-03-03,1496.412229971241,1755.306004435009,1669.9265368972428,1596.8938614564322,1559.4039331228203,1415.291810462039,1369.0981394887547,1510.8684922676775,1391.0518754417585,1416.0641000523194,1718.93493136214,1517.7125641653565,1631.850782705315,1381.000724727137,1544.1347698597897,1575.153367224896,1462.3576690871753,1487.2442054776748,1352.2629585471686,1463.7628992603393,1576.8779295571144,1275.510377577991,1428.0768535446962,1558.359540189716,1582.449000363163,1614.9071626027785,1479.7140356194336,1124.977999280784,1598.4123048643914,1445.9829403876467
2012-03-04,1518.5123032118784,1734.0010585882073,1676.4539174001443,1596.8938614564322,1540.135896187113,1412.8086400334887,1346.9980662481173,1495.821596994309,1391.0518754417585,1399.1020694783322,1718.93493136214,1532.7594594387251,1634.3339531338652,1414.5083721459089,1579.3935597778955,1586.070919322372,1479.3196996611625,1487.2442054776748,1341.3454064496927,1485.0678451071408,1576.8779295571144,1275.510377577991,1421.5494730417947,1558.359540189716,1590.1525477510718,1581.3995151840065,1498.9820725551408,1117.274451892875,1598.4123048643914,1410.724150469541
2012-03-05,1538.1962833365196,1692.2419884774288,1676.4539174001443,1615.8189662448335,1540.135896187113,1437.9205488661048,1349.3042502031487,1495.821596994309,1375.0330045538744,1380.1769646899309,1678.4603499867326,1532.7594594387251,1650.3528240217493,1405.3999342531433,1579.3935597778955,1627.8299894331506,1519.79428103657,1511.4809991379982,1341.3454064496927,1469.3931057601812,1585.98636744988,1297.9171525399154,1399.1426980798703,1538.6755600650747,1590.1525477510718,1597.074254530966,1498.9820725551408,1114.9682679378436,1574.175511204068,1385.6122416369249
2012-03-06,1538.1962833365196,1692.2419884774288,1682.371374442194,1615.8189662448335,1545.3944523206003,1437.9205488661048,1349.3042502031487,1490.5630408608217,1375.0330045538744,1380.1769646899309,1678.4603499867326,1544.7094662421914,1650.3528240217493,1405.3999342531433,1573.4761027358456,1627.8299894331506,1519.79428103657,1511.4809991379982,1326.8406219857955,1469.3931057601812,1585.98636744988,1297.9171525399154,1399.1426980798703,1538.6755600650747,1578.2025409476055,1597.074254530966,1513.486857019038,1114.9682679378436,1574.175511204068,1385.6122416369249
2012-03-07,1538.1962833365196,1692.2419884774288,1715.5687713849065,1619.2963974725856,1533.0141886228753,1434.4431176383528,1349.3042502031487,1490.5630408608217,1375.0330045538744,1408.0740052399983,1691.9875320163003,1551.5879427779198,1650.3528240217493,1387.6516054090444,1545.5790621857782,1627.8299894331506,1519.79428103657,1523.8612628357232,1319.962145450067,1478.7442897867716,1552.7889705071675,1283.4806024706336,1389.79151405328,1538.6755600650747,1578.2025409476055,1583.5470725013984,1513.486857019038,1114.9682679378436,1591.923840048167,1400.0487917062067
2012-03-08,1555.0839962459377,1706.7455805884506,1715.5687713849065,1513.686033521466,1533.0141886228753,1434.4431176383528,1334.800658092127,1473.6753279514037,1402.5747253609702,1408.0740052399983,1691.9875320163003,1551.5879427779198,1650.3528240217493,1387.6516054090444,1545.5790621857782,1600.2882686260548,1530.6081132662428,1523.8612628357232,1319.962145450067,1478.7442897867716,1541.9751382774948,1283.4806024706336,1389.79151405328,1513.5463690931279,1578.2025409476055,1608.6762634733452,1513.486857019038,1220.5786318889632,1591.923840048167,1400.0487917062067
2012-03-09,1489.5151178107697,1715.0115489654381,1716.8427828041824,1513.686033521466,1515.0147855268958,1481.7684609687938,1352.8000611881064,1426.3499846209627,1402.5747253609702,1406.7999938207224,1708.1051618157724,1541.5868438563339,1655.943265293948,1374.1292556031308,1611.1479406209462,1561.5715023769474,1522.3421448892552,1562.8270996508036,1333.4844952559806,1481.457888946355,1541.9751382774948,1322.197368719741,1399.792612974866,1485.7711261564657,1605.9777838842676,1608.6762634733452,1497.369227219566,1217.8650327293797,1552.9580032330866,1394.458350434008
2012-03-10,1489.5151178107697,1715.0115489654381,1697.076508528523,1533.4523077971255,1515.0147855268958,1481.7684609687938,1352.8000611881064,1426.3499846209627,1402.5747253609702,1406.7999938207224,1708.1051618157724,1541.5868438563339,1655.943265293948,1374.1292556031308,1611.1479406209462,1561.5715023769474,1522.3421448892552,1562.8270996508036,1333.4844952559806,1481.457888946355,1541.9751382774948,1322.197368719741,1399.792612974866,1485.7711261564657,1605.9777838842676,1590.7333955429715,1515.3120951499398,1217.8650327293797,1552.9580032330866,1394.458350434008
2012-03-11,1539.9260481542813,1715.0115489654381,1697.076508528523,1533.4523077971255,1537.519324077831,1481.7684609687938,1359.5346955198506,1426.3499846209627,1417.8736287419126,1431.0116764382262,1679.5859804684824,1560.379194448879,1655.943265293948,1355.3369050105857,1633.044383833588,1569.0657960935994,1507.0432415083128,1555.3328059341516,1394.3264164966254,1459.5614457337133,1541.9751382774948,1322.197368719741,1428.311794322156,1461.559443538962,1583.4732453333324,1529.8914743023267,1515.3120951499398,1211.1303983976354,1502.547072889575,1394.458350434008
2012-03-12,1525.6883706795018,1722.2502629512894,1711.5289530673008,1567.679316484327,1537.519324077831,1419.151650741129,1351.9803867759622,1402.7559320276705,1470.255980166978,1441.2461352408257,1686.2876387296592,1560.379194448879,1622.6119553025014,1376.8559875449405,1639.669262312467,1583.3034735683789,1507.0432415083128,1533.8137233997968,1394.3264164966254,1445.1090011949354,1500.509415604442,1316.2231409552617,1459.4601556593366,1454.9345650600828,1583.4732453333324,1456.9322920523127,1548.6434051413862,1204.4287401364586,1508.5213006540544,1467.417532684022
2012-03-13,1525.6883706795018,1722.2502629512894,1711.5289530673008,1567.679316484327,1526.226490473779,1419.151650741129,1345.218528800879,1402.7559320276705,1470.255980166978,1448.0079932159088,1686.2876387296592,1554.7947081089828,1628.1964416423975,1376.8559875449405,1639.669262312467,1583.3034735683789,1513.5753563522317,1533.8137233997968,1387.7943016527065,1445.1090011949354,1500.509415604442,1316.2231409552617,1459.4601556593366,1454.9345650600828,1583.4732453333324,1456.9322920523127,1548.6434051413862,1204.4287401364586,1508.5213006540544,1478.710366288074
2012-03-14,1538.6953902987357,1690.6971823855695,1718.7523923335311,1599.232397050047,1513.219470854545,1433.5340456029546,1345.218528800879,1402.7559320276705,1429.9982037599327,1448.0079932159088,1686.2876387296592,1554.7947081089828,1628.1964416423975,1364.4899046978628,1639.669262312467,1583.3034735683789,1513.5753563522317,1541.7657837186364,1387.7943016527065,1485.3667776019806,1542.2346401788827,1303.098148183197,1445.077760797511,1447.7111257938525,1596.598238105397,1456.9322920523127,1540.6913448225466,1216.7948229835363,1466.7960760796136,1478.710366288074
2012-03-15,1538.6953902987357,1690.6971823855695,1718.7523923335311,1599.232397050047,1513.219470854545,1388.2711974474498,1390.4813769563839,1416.8171945995412,1429.9982037599327,1448.0079932159088,1672.2263761577885,1564.699030274001,1616.8363793736687,1364.4899046978628,1586.9944383274217,1594.6635358371077,1503.6710341872135,1541.7657837186364,1370.6940784806043,1485.3667776019806,1594.909464163928,1287.3032788510618,1445.077760797511,1530.096253214917,1596.598238105397,1472.727161384448,1540.6913448225466,1216.7948229835363,1384.4109486585492,1495.8105894601763
2012-03-16,1543.989562205644,1674.5358508655713,1734.9137238535293,1568.3513397106562,1548.0098467371201,1388.2711974474498,1390.4813769563839,1438.6514469297315,1441.7872906221864,1476.6387933934457,1672.2263761577885,1564.699030274001,1616.8363793736687,1361.3081648034251,1586.9944383274217,1597.8452757315454,1468.8806583046385,1541.7657837186364,1358.9049916183506,1462.5957058447013,1594.909464163928,1287.3032788510618,1416.446960619974,1530.096253214917,1627.4792954447878,1472.727161384448,1563.462416579826,1194.960570653346,1384.4109486585492,1490.516417553268
2012-03-17,1543.989562205644,1681.356227888182,1734.9137238535293,1588.9847365808519,1540.142730626751,1388.2711974474498,1369.8479800861883,1438.6514469297315,1441.7872906221864,1476.6387933934457,1681.9961815379484,1554.9292248938411,1616.8363793736687,1342.4943848644327,1580.174061304811,1597.8452757315454,1488.9969876173618,1515.1488245230894,1358.9049916183506,1489.2126650402483,1550.1922911886502,1286.0007294773309,1416.446960619974,1574.8134261901948,1627.4792954447878,1479.2428201520465,1571.329532690195,1188.4449118857474,1384.4109486585492,1490.516417553268
2012-03-18,1460.770096313235,1681.356227888182,1690.3632526282158,1588.9847365808519,1552.722168739597,1378.0703481127002,1369.8479800861883,1426.0720088168855,1425.5526613234003,1501.44289314216,1665.657113680864,1554.9292248938411,1597.7461799715381,1342.4943848644327,1580.174061304811,1612.8278222783083,1488.9969876173618,1500.1662779763265,1442.1244575107596,1489.2126650402483,1534.8489435293516,1286.0007294773309,1416.446960619974,1590.1567738494934,1643.818363301872,1479.2428201520465,1587.5641619889811,1217.7359606226275,1428.9614198838626,1465.7123178045535
2012-03-19,1443.581415920514,1702.6971366551322,1709.1073602361894,1567.6438278139017,1564.1357041677259,1378.0703481127002,1356.2236283766729,1426.0720088168855,1414.1391258952715,1501.44289314216,1665.657113680864,1572.117905286562,1603.2376667287895,1356.1187365739481,1561.4299536968374,1612.8278222783083,1502.3516865266909,1454.271258476478,1488.0194770106082,1511.018693935003,1534.8489435293516,1280.5092427200796,1403.092261710645,1590.1567738494934,1608.7739023642414,1514.2872810896772,1587.5641619889811,1217.7359606226275,1428.9614198838626,1443.9062889097988
2012-03-20,1453.1271271745156,1702.6971366551322,1709.1073602361894,1567.6438278139017,1564.1357041677259,1378.0703481127002,1348.6568693335894,1406.8066576648118,1414.1391258952715,1501.44289314216,1681.515180018689,1572.117905286562,1603.2376667287895,1356.1187365739481,1565.5135475602854,1600.0947941662942,1492.8059752726892,1454.271258476478,1488.0194770106082,1523.7517220470172,1534.8489435293516,1280.5092427200796,1410.6590207537286,1590.1567738494934,1608.7739023642414,1514.2872810896772,1606.8295131410548,1213.6523667591796,1413.1033535460376,1443.9062889097988
2012-03-21,1453.1271271745156,1715.5387630234998,1722.288863868518,1554.462324181573,1527.0770721365118,1358.1046039862797,1348.6568693335894,1406.8066576648118,1414.1391258952715,1501.44289314216,1681.515180018689,1547.2017800160504,1603.2376667287895,1356.1187365739481,1565.5135475602854,1600.0947941662942,1492.8059752726892,1462.3212068447758,1488.0194770106082,1523.7517220470172,1571.9075755605656,1280.5092427200796,1410.6590207537286,1610.122517975914,1608.7739023642414,1539.2034063601889,1593.9878867726873,1213.6523667591796,1413.1033535460376,1435.856340541501
2012-03-22,1453.1271271745156,1715.5387630234998,1724.482887512536,1586.7334957742091,1527.0770721365118,1355.9105803422617,1320.6450800217876,1431.466563699755,1414.1391258952715,1520.1843394905584,1646.9587147316497,1547.2017800160504,1566.769418908918,1356.1187365739481,1559.437705145881,1575.434888131351,1501.4279634997583,1462.3212068447758,1524.4877248304797,1558.3081873340566,1571.9075755605656,1308.5210320318815,1402.0370325266595,1616.1983603903184,1608.7739023642414,1539.2034063601889,1561.716715180051,1213.6523667591796,1394.3619071976393,1435.856340541501
2012-03-23,1453.1271271745156,1715.5387630234998,1724.482887512536,1586.7334957742091,1493.5395133815373,1355.9105803422617,1320.6450800217876,1431.466563699755,1407.010807738409,1520.1843394905584,1680.4962734866242,1554.3300981729128,1566.769418908918,1347.1938642009193,1559.437705145881,1591.3274085496764,1501.4279634997583,1438.8146596335005,1524.4877248304797,1558.3081873340566,1573.5531651498925,1306.8754424425547,1402.0370325266595,1616.1983603903184,1632.2804495755167,1523.3108859418635,1561.716715180051,1213.6523667591796,1394.3619071976393,1444.7812129145298
2012-03-24,1470.3018080676222,1719.0672366315791,1724.482887512536,1604.1974711237567,1459.7998687246736,1429.035706211873,1306.5358651915785,1488.4961539869666,1403.4823341303297,1507.8107965800766,1680.4962734866242,1554.3300981729128,1540.0021416175887,1380.933508857783,1559.437705145881,1591.3274085496764,1515.5371783299674,1438.8146596335005,1519.8668594107294,1562.929052753807,1566.7688474345982,1306.8754424425547,1384.5730571771119,1543.073234520707,1632.2804495755167,1523.3108859418635,1568.5010328953454,1208.8512287765548,1421.1291844889686,1387.751622627318
2012-03-25,1444.8086502236902,1719.0672366315791,1724.482887512536,1604.1974711237567,1508.313395498859,1429.035706211873,1331.2505152128997,1488.4961539869666,1373.3885646712945,1507.8107965800766,1691.2220803912705,1511.4479001133343,1491.4886148434032,1380.933508857783,1584.930862989813,1604.0825978787163,1518.1322098433316,1428.0888527288541,1519.8668594107294,1605.8112508133854,1566.7688474345982,1304.2804109291906,1384.5730571771119,1573.1670039797423,1660.6159473160492,1494.975388201331,1568.5010328953454,1184.1365787552336,1408.3739951599287,1387.751622627318
2012-03-26,1464.7326195697385,1719.0672366315791,1727.9093311015654,1604.1974711237567,1508.313395498859,1425.6092626228437,1331.2505152128997,1482.2378234075768,1373.3885646712945,1490.6118931371439,1691.2220803912705,1460.5126294855218,1491.4886148434032,1379.2002760893092,1553.1606171211458,1604.0825978787163,1545.3037186242618,1479.0241233566667,1498.1209015590841,1578.6397420324552,1583.967750877531,1284.3564415831422,1374.3726239906346,1573.1670039797423,1694.11942595319,1501.233718780721,1578.7014660818227,1184.1365787552336,1408.3739951599287,1409.4975804789633
2012-03-27,1467.327030335476,1628.8311388020593,1727.9093311015654,1611.898553492572,1508.313395498859,1417.9081802540284,1324.9255817016692,1482.2378234075768,1377.6187122174008,1469.878218003254,1733.5740827700552,1460.5126294855218,1507.6775301415228,1379.2002760893092,1553.1606171211458,1587.8936825805968,1545.3037186242618,1479.0241233566667,1498.1209015590841,1584.9646755436856,1631.8518463282662,1280.126294037036,1374.3726239906346,1593.9006791136321,1694.11942595319,1501.233718780721,1578.7014660818227,1181.5421679894962,1423.9835119675236,1393.8880636713684
2012-03-28,1467.327030335476,1628.8311388020593,1678.9417424786684,1611.898553492572,1529.154872096423,1417.9081802540284,1324.9255817016692,1506.7483509829938,1377.6187122174008,1469.878218003254,1733.5740827700552,1509.4802181084187,1507.6775301415228,1358.3587994917452,1575.426564856168,1587.8936825805968,1545.3037186242618,1479.0241233566667,1473.6103739836672,1584.9646755436856,1631.8518463282662,1280.126294037036,1352.1066762556125,1593.9006791136321,1694.11942595319,1501.233718780721,1578.7014660818227,1181.5421679894962,1423.9835119675236,1393.8880636713684
2012-03-29,1511.1610110381132,1628.8311388020593,1689.079189291243,1560.5768405544047,1529.154872096423,1452.4309157305331,1400.9931105173905,1479.2200388966864,1391.4433761061628,1498.5707221091475,1736.9239191997858,1474.957482631914,1529.1351988221522,1358.3587994917452,1575.426564856168,1590.7081030617155,1506.4737677057938,1459.7948708092129,1473.6103739836672,1541.1306948410484,1555.784317512545,1280.126294037036,1338.2820123668505,1645.2223920517995,1700.5614807109648,1528.7620308670282,1572.259411324048,1179.3137518563206,1420.633675537793,1391.0736431902496
2012-03-30,1511.1610110381132,1628.8311388020593,1689.079189291243,1560.5768405544047,1575.1417823024692,1452.4309157305331,1400.9931105173905,1479.2200388966864,1391.4433761061628,1498.5707221091475,1736.9239191997858,1474.957482631914,1529.1351988221522,1379.0229134656483,1575.426564856168,1590.7081030617155,1506.4737677057938,1459.7948708092129,1470.6616818006587,1541.1306948410484,1561.7009982271084,1274.2096133224725,1338.2820123668505,1645.2223920517995,1703.5101728939733,1528.7620308670282,1526.2725011180019,1179.3137518563206,1420.633675537793,1370.4095292163465
2012-03-31,1511.1610110381132,1668.0702889149584,1689.079189291243,1560.5768405544047,1575.1417823024692,1447.0783130275395,1400.9931105173905,1479.2200388966864,1391.4433761061628,1513.993793988123,1743.2695177101791,1478.068997738689,1529.1351988221522,1360.0985813943346,1484.6102128881673,1584.3625045513222,1547.423552866256,1459.7948708092129,1470.6616818006587,1541.1306948410484,1561.7009982271084,1365.025965290473,1322.858940487875,1604.2726068913373,1703.5101728939733,1494.8754834571228,1526.2725011180019,1176.2022367495456,1439.5580076091067,1370.4095292163465
2012-04-01,1528.9976948585959,1668.0702889149584,1698.8352497317426,1552.0967080984885,1582.1996390458228,1447.0783130275395,1406.6007980053137,1510.3341744705372,1388.960629647468,1513.993793988123,1743.2695177101791,1478.068997738689,1498.0210632483015,1353.4182993387255,1507.865799955232,1591.0427866069313,1524.1679657991913,1441.9581869887302,1477.8893016769564,1533.9030749647507,1561.7009982271084,1365.025965290473,1310.0752688615337,1617.0562785176787,1703.5101728939733,1503.355615913039,1526.2725011180019,1168.9289227677407,1432.500150865753,1364.8018417284234
2012-04-02,1591.4196924305566,1605.6482913429977,1667.6462007945204,1541.960376557146,1605.5072350478683,1465.0299869391208,1427.4749373533423,1504.8349874022085,1388.960629647468,1504.953572687954,1774.4585666474013,1488.2053292800315,1507.0612845484704,1353.4182993387255,1507.865799955232,1591.0427866069313,1524.1679657991913,1441.9581869887302,1457.0151623289278,1510.595478962705,1550.6185641367797,1347.0742913788918,1310.0752688615337,1617.0562785176787,1720.0917940526306,1503.355615913039,1526.2725011180019,1168.9289227677407,1432.500150865753,1364.8018417284234
2012-04-03,1591.4196924305566,1605.6482913429977,1667.6462007945204,1541.960376557146,1605.5072350478683,1465.0299869391208,1427.4749373533423,1504.8349874022085,1388.960629647468,1512.8329591381562,1774.4585666474013,1488.2053292800315,1507.0612845484704,1331.4577036926578,1507.865799955232,1601.7935207898881,1524.1679657991913,1406.9087771453746,1457.0151623289278,1510.595478962705,1550.6185641367797,1339.1949049286895,1310.0752688615337,1617.0562785176787,1720.0917940526306,1503.355615913039,1548.2330967640696,1168.9289227677407,1467.5495607091086,1354.0511075454665
2012-04-04,1591.4196924305566,1621.2401146833422,1648.4503120974462,1507.744864338557,1618.4614497779385,1470.9761457511793,1427.4749373533423,1524.0308760992828,1423.1761418660572,1512.8329591381562,1748.6074467075846,1488.2053292800315,1532.9124044882872,1331.4577036926578,1492.2739766148875,1601.7935207898881,1524.1679657991913,1385.2976532187556,1478.6262862555468,1518.300323929504,1580.898220156906,1339.1949049286895,1306.5700527837523,1586.7766224975524,1723.597010130412,1490.4014011829688,1548.2330967640696,1162.9827639556822,1459.8447157423097,1354.0511075454665
2012-04-05,1588.582472574402,1621.2401146833422,1648.4503120974462,1507.744864338557,1618.4614497779385,1495.7614343836692,1418.0515816531406,1524.0308760992828,1423.1761418660572,1512.8329591381562,1748.6074467075846,1488.2053292800315,1542.155302375526,1331.4577036926578,1467.4886879823976,1611.2168764900898,1536.36149706742,1385.2976532187556,1469.2456394329806,1518.300323929504,1585.6213174467707,1334.4718076388249,1306.5700527837523,1586.7766224975524,1726.4342299865666,1490.4014011829688,1557.6137435866358,1150.7892326874535,1459.8447157423097,1344.8082096582277
2012-04-06,1588.582472574402,1648.3302398638566,1648.4503120974462,1494.8095905269672,1608.776150379664,1495.7614343836692,1388.083012510455,1524.0308760992828,1437.8408416202963,1525.4526136178154,1721.5173215270702,1468.3996222050653,1508.823958055254,1351.263410767624,1467.4886879823976,1620.9021758883644,1536.36149706742,1376.4350223787299,1469.2456394329806,1512.9164273792876,1585.6213174467707,1319.8071078845858,1293.9503983040931,1599.711896309142,1726.4342299865666,1523.7327455032407,1562.9976401368522,1150.7892326874535,1489.8132848849953,1353.6708404982535
2012-04-07,1569.1997334252223,1617.3763329002718,1667.8330512466257,1494.8095905269672,1614.9079580342777,1478.0675945878338,1414.1357454028625,1524.0308760992828,1423.689414239913,1525.4526136178154,1693.9181459482134,1468.3996222050653,1539.7778650188388,1351.263410767624,1467.4886879823976,1620.9021758883644,1550.5129244478032,1376.4350223787299,1463.1138317783668,1512.9164273792876,1613.2204930256275,1293.7543749921783,1311.6442380999285,1599.711896309142,1726.4342299865666,1523.7327455032407,1562.9976401368522,1150.7892326874535,1489.8132848849953,1353.6708404982535
2012-04-08,1589.8875486807672,1617.3763329002718,1667.8330512466257,1494.8095905269672,1614.9079580342777,1478.0675945878338,1414.1357454028625,1537.944061558852,1423.689414239913,1529.3907499553848,1693.9181459482134,1496.0226101865007,1539.7778650188388,1340.5642852644917,1467.4886879823976,1606.9889904287952,1550.5129244478032,1376.4350223787299,1463.1138317783668,1525.1882996031409,1592.5326777700827,1293.7543749921783,1311.6442380999285,1599.711896309142,1737.133355489699,1516.279191660295,1535.3746521554167,1146.851096349884,1497.266838727941,1341.3989682744002
2012-04-09,1622.9303779362333,1642.1419455277764,1654.296038695446,1503.9203698938293,1636.9374144827473,1460.6111325089773,1428.0817689532223,1537.944061558852,1398.9238016124084,1573.565820223638,1711.3746080270698,1441.0794708962799,1558.0189569138893,1370.5373338920601,1425.3350793600694,1551.6477936965969,1552.9502466873125,1346.4619737511614,1441.0843753298973,1512.0729791617234,1592.5326777700827,1293.7543749921783,1297.6982145495688,1613.2489088603218,1750.2486759311164,1498.0380997652446,1590.715848887615,1144.4137741103748,1453.0917684596877,1396.342107564621
2012-04-10,1622.9303779362333,1642.1419455277764,1654.296038695446,1546.8499597654165,1636.9374144827473,1448.1442782365966,1428.0817689532223,1550.2730342259958,1355.9942117408211,1573.565820223638,1711.3746080270698,1441.0794708962799,1558.0189569138893,1370.5373338920601,1425.3350793600694,1551.6477936965969,1552.9502466873125,1346.4619737511614,1428.7554026627533,1512.0729791617234,1604.9995320424634,1307.0899545092818,1297.6982145495688,1613.2489088603218,1750.2486759311164,1498.0380997652446,1590.715848887615,1131.0781945932713,1453.0917684596877,1396.342107564621
2012-04-11,1636.0905529868785,1628.9817704771312,1654.296038695446,1503.1571020876775,1603.45305634655,1448.1442782365966,1406.7511071152396,1556.1868814042036,1355.9942117408211,1562.402489275752,1722.5379389749558,1505.3206180070617,1591.5033150500865,1367.9266585272317,1446.665741198052,1554.2584690614253,1552.9502466873125,1339.3869550569177,1428.7554026627533,1552.442004693375,1604.9995320424634,1350.782812187021,1316.5565692159096,1613.2489088603218,1709.8796503994647,1498.0380997652446,1597.7908675818587,1112.2198399269305,1447.17792128148,1332.1009604538392
2012-04-12,1636.0905529868785,1628.9817704771312,1682.8253779501183,1503.1571020876775,1603.45305634655,1427.7074890015992,1406.7511071152396,1556.1868814042036,1355.9942117408211,1562.402489275752,1722.5379389749558,1505.3206180070617,1591.5033150500865,1367.9266585272317,1467.1025304330494,1554.2584690614253,1552.9502466873125,1339.3869550569177,1405.6011643029885,1552.442004693375,1607.2781097579418,1350.782812187021,1314.2779915004312,1584.7195696056494,1709.8796503994647,1521.1923381250094,1597.7908675818587,1112.2198399269305,1447.17792128148,1332.1009604538392
2012-04-13,1646.3613876624515,1628.9817704771312,1682.8253779501183,1503.1571020876775,1613.805142066386,1427.7074890015992,1406.7511071152396,1540.416304686594,1363.0885452198154,1554.7776531107309,1712.1858532551198,1517.2563189781245,1622.7145437212891,1398.0459603126244,1467.1025304330494,1585.4531543307435,1542.6794120117395,1327.451254085855,1375.4818625175958,1568.2125814109847,1607.2781097579418,1350.782812187021,1314.2779915004312,1592.3444057706706,1678.6849651301466,1521.1923381250094,1566.579638910656,1105.1255064479362,1464.3420182257123,1314.9368635096068
2012-04-14,1613.7840444699902,1609.5779360471872,1707.222448340361,1480.005334338564,1617.4597059725738,1460.2848321940605,1420.037860856079,1540.416304686594,1363.0885452198154,1554.7776531107309,1712.1858532551198,1517.2563189781245,1598.4899950213821,1398.0459603126244,1453.81577669221,1585.4531543307435,1565.831179760853,1323.7966901796672,1375.4818625175958,1568.2125814109847,1620.8449907020795,1322.104240294416,1300.7111105562935,1621.0229776632755,1702.9095138300536,1525.7714118603944,1566.579638910656,1100.1322704876375,1464.3420182257123,1310.3577897742218
2012-04-15,1619.6503093196823,1609.5779360471872,1707.222448340361,1480.005334338564,1624.7148658762667,1460.2848321940605,1414.171596006387,1530.4512600628748,1355.9203662858129,1561.9458320447334,1725.702003291563,1499.9385356896314,1598.4899950213821,1444.4400158080118,1453.81577669221,1602.7709376192365,1565.831179760853,1323.7966901796672,1361.9657124811527,1521.8185259155973,1620.8449907020795,1307.8630341030753,1314.9523167476343,1621.0229776632755,1702.9095138300536,1531.3776454035672,1576.5446835343753,1100.1322704876375,1458.7357846825396,1303.102629870529
2012-04-16,1620.5056776159634,1622.3043556495509,1708.7967509200848,1488.292359857282,1624.7148658762667,1488.9781321639962,1414.171596006387,1530.4512600628748,1354.3460637060891,1554.0962045536467,1726.760279191571,1499.9385356896314,1562.2543989489425,1495.9796089530835,1453.81577669221,1616.7793712760513,1537.1378797909174,1322.738414279659,1376.4784302081557,1506.5145288429653,1628.6946181931662,1307.8630341030753,1306.6652912289162,1608.2965580609118,1726.1935247626225,1517.3692117467524,1553.2606726018064,1099.2769021913564,1444.2230669555365,1303.102629870529
2012-04-17,1620.5056776159634,1624.9070363227443,1708.7967509200848,1518.9737228232732,1624.7148658762667,1470.2657972776453,1411.5689153331937,1489.5937848555354,1354.3460637060891,1554.0962045536467,1726.760279191571,1540.7960108969708,1562.2543989489425,1497.3883919261793,1423.1344137262188,1616.7793712760513,1555.8502146772682,1308.2156689188198,1376.4784302081557,1506.5145288429653,1643.2173635540055,1307.8630341030753,1306.6652912289162,1608.2965580609118,1726.1935247626225,1517.3692117467524,1553.2606726018064,1097.8681192182605,1444.2230669555365,1303.102629870529
2012-04-18,1620.5056776159634,1624.9070363227443,1683.7700864534845,1518.9737228232732,1673.6562550577214,1470.2657972776453,1411.5689153331937,1483.7052697949691,1417.971462282131,1554.0962045536467,1677.8188900101163,1546.684525957537,1562.2543989489425,1497.3883919261793,1420.0697199328545,1616.7793712760513,1555.8502146772682,1308.2156689188198,1376.4784302081557,1520.3917653036967,1646.2820573473698,1332.8896985696756,1243.0398926528744,1608.2965580609118,1728.436098767172,1503.491975286021,1582.7165224839162,1097.8681192182605,1414.7672170734268,1300.8600558659793
2012-04-19,1594.3283506187427,1655.0251802598862,1684.8901142030068,1518.9737228232732,1673.6562550577214,1440.1476533405034,1407.396541600687,1483.7052697949691,1378.313188620287,1508.8216746092369,1677.8188900101163,1546.684525957537,1565.2771897507744,1497.3883919261793,1427.8364072246982,1603.5486200936432,1595.508488339112,1305.192878116988,1376.4784302081557,1520.3917653036967,1646.2820573473698,1378.1642285140854,1235.2732053610307,1638.6462587906392,1741.6668499495802,1503.491975286021,1582.7165224839162,1096.7480914687383,1414.7672170734268,1300.8600558659793
2012-04-20,1608.1452429665555,1655.0251802598862,1684.8901142030068,1505.1568304754603,1679.233768858746,1440.1476533405034,1407.396541600687,1461.647293348543,1358.418683324265,1491.9505158470195,1687.7003890385638,1541.1070121565124,1591.3645935911989,1471.3009880857549,1427.8364072246982,1606.7042305564041,1595.508488339112,1325.08738341301,1372.8851438475594,1534.0367456547006,1663.1532161095872,1378.1642285140854,1235.2732053610307,1638.6462587906392,1745.2601363101764,1525.5499517324472,1572.8350234554687,1096.7480914687383,1401.122236722423,1297.7044454032184
2012-04-21,1587.8303859846612,1688.3820242809225,1651.5332701819705,1505.1568304754603,1658.7054226587998,1440.1476533405034,1407.396541600687,1440.737175566266,1358.418683324265,1491.9505158470195,1687.7003890385638,1541.1070121565124,1591.9671443667662,1492.2111058680318,1427.8364072246982,1606.7042305564041,1615.8233453210064,1325.08738341301,1372.8851438475594,1534.0367456547006,1663.1532161095872,1378.1642285140854,1292.8972693076553,1581.0221948440146,1745.2601363101764,1525.5499517324472,1593.363369655415,1096.145540693171,1401.122236722423,1297.7044454032184
2012-04-22,1587.8303859846612,1670.4836851416687,1651.5332701819705,1505.1568304754603,1658.7054226587998,1440.1476533405034,1407.396541600687,1440.737175566266,1358.418683324265,1491.9505158470195,1690.4817278630098,1559.4227766790864,1591.9671443667662,1492.2111058680318,1445.0256179367118,1574.5674092100055,1615.8233453210064,1325.08738341301,1370.1038050231134,1534.0367456547006,1645.9640053975736,1396.062567653339,1292.8972693076553,1581.0221948440146,1777.396957656575,1537.7472749214753,1575.047605132841,1096.145540693171,1401.122236722423,1285.5071222141903
2012-04-23,1587.8303859846612,1682.3047745712615,1671.24776250452,1478.7066963265327,1658.7054226587998,1420.7835824973379,1384.1076089106487,1437.9361745779286,1377.7827541674305,1515.2394485370578,1656.4121597073067,1559.4227766790864,1600.7440762121332,1492.2111058680318,1445.0256179367118,1608.6369773657086,1609.5653632091376,1313.5540411939512,1376.4224680043192,1560.4868798036282,1645.9640053975736,1396.062567653339,1288.6587352789634,1587.2801769558835,1781.635491685267,1518.0327825989257,1575.047605132841,1089.8268777119652,1392.345304877056,1288.0203759919937
2012-04-24,1587.8303859846612,1682.3047745712615,1671.24776250452,1435.2702624443477,1673.6947154378163,1420.7835824973379,1368.7967631508986,1437.9361745779286,1370.2785616596177,1515.2394485370578,1656.4121597073067,1602.8592105612713,1600.7440762121332,1477.2218130890153,1460.3364636964618,1608.6369773657086,1609.5653632091376,1313.5540411939512,1376.4224680043192,1560.4868798036282,1653.4681979053864,1412.755812320473,1288.6587352789634,1587.2801769558835,1781.635491685267,1518.0327825989257,1575.047605132841,1073.1336330448312,1392.345304877056,1288.0203759919937
2012-04-25,1587.8303859846612,1682.3047745712615,1671.24776250452,1435.2702624443477,1645.8010983548172,1405.0013611523534,1368.7967631508986,1437.9361745779286,1370.2785616596177,1531.0216698820423,1656.4121597073067,1602.8592105612713,1607.8166111594971,1477.2218130890153,1460.3364636964618,1608.6369773657086,1637.4589802921366,1313.5540411939512,1376.4224680043192,1560.4868798036282,1653.4681979053864,1412.755812320473,1281.5862003315995,1587.2801769558835,1794.2816341600621,1518.0327825989257,1575.047605132841,1073.1336330448312,1379.6991624022608,1288.0203759919937
2012-04-26,1629.3853336197108,1640.749826936212,1679.9097919377996,1440.3077302578395,1645.8010983548172,1405.0013611523534,1368.7967631508986,1437.9361745779286,1370.2785616596177,1531.0216698820423,1664.7265330860328,1602.8592105612713,1607.8166111594971,1479.7193896724234,1460.3364636964618,1608.6369773657086,1637.4589802921366,1313.5540411939512,1368.1080946255931,1594.2618960571267,1644.806168472107,1420.5260917787464,1273.8159208733261,1587.2801769558835,1794.2816341600621,1518.0327825989257,1541.2725888793425,1068.0961652313395,1379.6991624022608,1285.5227994085856
2012-04-27,1629.3853336197108,1640.749826936212,1679.9097919377996,1440.3077302578395,1620.5261224091842,1460.766920784431,1313.031203518821,1437.9361745779286,1370.2785616596177,1518.427029879401,1652.5614872209824,1615.0242564263217,1607.8166111594971,1479.7193896724234,1472.931103699103,1608.6369773657086,1637.4589802921366,1313.5540411939512,1368.1080946255931,1594.2618960571267,1644.806168472107,1420.5260917787464,1273.8159208733261,1612.5551529015165,1796.5674545691052,1518.0327825989257,1538.9867684702995,1068.0961652313395,1379.6991624022608,1285.5227994085856
2012-04-28,1652.9119863680746,1529.5059516773065,1690.7011724255797,1422.4648564395036,1620.5261224091842,1460.766920784431,1313.031203518821,1464.2559430928861,1434.0201532795008,1494.9003771310372,1652.5614872209824,1620.8509558115709,1625.659484977833,1453.3996211574658,1409.1895120792199,1538.0499262219384,1664.6943973219786,1307.727341808702,1438.6951457693633,1600.2967094573212,1644.806168472107,1531.769967037652,1263.024540385546,1613.5882802679669,1797.1661889764093,1490.7973655690837,1538.9867684702995,1067.063037864889,1373.6643490020663,1284.9240650012814
2012-04-29,1652.9119863680746,1611.1636845135315,1701.2770101610342,1441.228624697169,1620.5261224091842,1460.766920784431,1313.031203518821,1464.2559430928861,1434.0201532795008,1494.9003771310372,1652.5614872209824,1620.8509558115709,1625.659484977833,1453.3996211574658,1398.6136743437653,1538.0499262219384,1664.6943973219786,1307.727341808702,1438.6951457693633,1600.2967094573212,1626.0424002144416,1531.769967037652,1263.024540385546,1531.9305474317418,1797.1661889764093,1490.7973655690837,1538.9867684702995,1067.063037864889,1373.6643490020663,1284.9240650012814
2012-04-30,1626.7591252726666,1611.1636845135315,1701.2770101610342,1441.228624697169,1620.5261224091842,1460.766920784431,1313.031203518821,1464.2559430928861,1434.0201532795008,1494.9003771310372,1658.9095212523703,1574.0962968686845,1625.659484977833,1453.3996211574658,1398.6136743437653,1584.8045851648249,1690.8472584173867,1307.727341808702,1438.6951457693633,1582.0989306805216,1626.0424002144416,1531.769967037652,1263.024540385546,1531.9305474317418,1815.363967753209,1484.4493315376958,1538.9867684702995,1067.063037864889,1373.6643490020663,1284.9240650012814
2012-05-01,1626.7591252726666,1633.5293802308133,1701.2770101610342,1422.0487733039197,1626.0376502438862,1460.766920784431,1313.031203518821,1464.2559430928861,1434.0201532795008,1494.9003771310372,1658.9095212523703,1574.0962968686845,1620.147957143131,1453.3996211574658,1398.6136743437653,1584.8045851648249,1690.8472584173867,1307.727341808702,1438.6951457693633,1582.0989306805216,1645.2222516076909,1531.769967037652,1263.024540385546,1509.56485171446,1815.363967753209,1484.4493315376958,1538.9867684702995,1067.063037864889,1373.6643490020663,1284.9240650012814
2012-05-02,1641.4301976798388,1633.5293802308133,1701.2770101610342,1422.0487733039197,1626.0376502438862,1460.766920784431,1313.031203518821,1464.2559430928861,1434.0201532795008,1494.9003771310372,1667.2345813827517,1574.0962968686845,1620.147957143131,1453.3996211574658,1398.6136743437653,1584.8045851648249,1676.1761860102145,1307.727341808702,1438.6951457693633,1582.0989306805216,1645.2222516076909,1531.769967037652,1263.024540385546,1509.56485171446,1815.363967753209,1476.1242714073144,1538.9867684702995,1067.063037864889,1373.6643490020663,1284.9240650012814
2012-05-03,1641.4301976798388,1633.5293802308133,1647.9550904071766,1414.3155253085577,1626.0376502438862,1460.766920784431,1313.031203518821,1464.2559430928861,1434.0201532795008,1494.9003771310372,1667.2345813827517,1557.0487737076196,1620.147957143131,1453.3996211574658,1451.935594097623,1601.8521083258897,1676.1761860102145,1307.727341808702,1438.6951457693633,1556.43155065874,1652.9554996030529,1531.769967037652,1263.024540385546,1509.56485171446,1841.0313477749905,1476.1242714073144,1538.9867684702995,1067.063037864889,1373.6643490020663,1284.9240650012814
2012-05-04,1641.4301976798388,1644.2608951163913,1647.9550904071766,1414.3155253085577,1602.2195362615062,1460.766920784431,1313.031203518821,1464.2559430928861,1434.0201532795008,1494.9003771310372,1667.2345813827517,1557.0487737076196,1643.966071125511,1453.3996211574658,1451.935594097623,1601.8521083258897,1676.1761860102145,1307.727341808702,1438.6951457693633,1556.43155065874,1652.9554996030529,1531.769967037652,1263.024540385546,1498.833336828882,1841.0313477749905,1476.1242714073144,1538.9867684702995,1067.063037864889,1373.6643490020663,1284.9240650012814
2012-05-05,1665.168913430484,1644.2608951163913,1647.9550904071766,1414.3155253085577,1602.2195362615062,1460.766920784431,1313.031203518821,1464.2559430928861,1434.0201532795008,1494.9003771310372,1674.4256114037273,1557.0487737076196,1643.966071125511,1453.3996211574658,1451.935594097623,1601.8521083258897,1652.4374702595692,1307.727341808702,1438.6951457693633,1556.43155065874,1652.9554996030529,1531.769967037652,1263.024540385546,1498.833336828882,1841.0313477749905,1468.9332413863388,1538.9867684702995,1067.063037864889,1373.6643490020663,1284.9240650012814
2012-05-06,1665.168913430484,1644.2608951163913,1616.7487925367673,1412.4203262649914,1614.8636259788718,1460.766920784431,1313.031203518821,1464.2559430928861,1434.0201532795008,1494.9003771310372,1678.0787618221707,1599.5093668180336,1631.3219814081453,1453.3996211574658,1483.1418919680323,1559.3915152154757,1652.4374702595692,1307.727341808702,1438.6951457693633,1556.43155065874,1654.850698646619,1531.769967037652,1263.024540385546,1498.833336828882,1841.0313477749905,1465.2800909678954,1538.9867684702995,1067.063037864889,1373.6643490020663,1284.9240650012814
2012-05-07,1712.0803451428078,1624.9202488283192,1583.9190099407797,1412.4203262649914,1614.8636259788718,1460.766920784431,1313.031203518821,1464.2559430928861,1434.0201532795008,1494.9003771310372,1678.0787618221707,1599.5093668180336,1631.3219814081453,1453.3996211574658,1515.9716745640198,1559.3915152154757,1605.5260385472454,1307.727341808702,1438.6951457693633,1552.9253756495284,1654.850698646619,1531.769967037652,1263.024540385546,1518.173983116954,1844.537522784202,1465.2800909678954,1538.9867684702995,1067.063037864889,1373.6643490020663,1284.9240650012814
2012-05-08,1712.0803451428078,1624.9202488283192,1583.9190099407797,1412.4203262649914,1614.8636259788718,1460.766920784431,1313.031203518821,1464.2559430928861,1434.0201532795008,1494.9003771310372,1678.0787618221707,1589.4989226105045,1631.3219814081453,1453.3996211574658,1515.9716745640198,1569.4019594230049,1605.5260385472454,1307.727341808702,1438.6951457693633,1552.9253756495284,1654.850698646619,1531.769967037652,1263.024540385546,1518.173983116954,1844.537522784202,1465.2800909678954,1538.9867684702995,1067.063037864889,1373.6643490020663,1284.9240650012814
2012-05-09,1712.0803451428078,1624.9202488283192,1583.9190099407797,1395.6967877385403,1633.3196724024258,1460.766920784431,1313.031203518821,1464.2559430928861,1434.0201532795008,1494.9003771310372,1678.0787618221707,1589.4989226105045,1612.8659349845914,1453.3996211574658,1515.9716745640198,1569.4019594230049,1605.5260385472454,1307.727341808702,1438.6951457693633,1550.6884043393586,1671.5742371730703,1531.769967037652,1263.024540385546,1518.173983116954,1846.774494094372,1465.2800909678954,1538.9867684702995,1067.063037864889,1373.6643490020663,1284.9240650012814
2012-05-10,1697.2334202384227,1647.618345984235,1604.2699602521448,1395.6967877385403,1633.3196724024258,1460.766920784431,1313.031203518821,1464.2559430928861,1434.0201532795008,1494.9003771310372,1678.0787618221707,1596.3079029871083,1612.8659349845914,1453.3996211574658,1495.6207242526548,1562.592979046401,1620.3729634516305,1307.727341808702,1438.6951457693633,1550.6884043393586,1671.5742371730703,1531.769967037652,1263.024540385546,1495.4758859610383,1846.774494094372,1465.2800909678954,1538.9867684702995,1067.063037864889,1373.6643490020663,1284.9240650012814
2012-05-11,1697.2334202384227,1647.618345984235,1589.3514226691218,1395.6967877385403,1598.9780154167406,1460.766920784431,1313.031203518821,1464.2559430928861,1434.0201532795008,1494.9003771310372,1678.0787618221707,1596.3079029871083,1647.2075919702766,1453.3996211574658,1510.5392618356777,1562.592979046401,1620.3729634516305,1307.727341808702,1438.6951457693633,1550.6884043393586,1671.5742371730703,1531.769967037652,1263.024540385546,1495.4758859610383,1846.774494094372,1465.2800909678954,1538.9867684702995,1067.063037864889,1373.6643490020663,1284.9240650012814
2012-05-12,1709.3831472393256,1647.618345984235,1589.3514226691218,1395.6967877385403,1598.9780154167406,1460.766920784431,1313.031203518821,1464.2559430928861,1434.0201532795008,1494.9003771310372,1678.0787618221707,1633.0746856365545,1647.2075919702766,1453.3996211574658,1510.5392618356777,1525.8261963969549,1608.2232364507277,1307.727341808702,1438.6951457693633,1550.6884043393586,1671.5742371730703,1531.769967037652,1263.024540385546,1495.4758859610383,1846.774494094372,1465.2800909678954,1538.9867684702995,1067.063037864889,1373.6643490020663,1284.9240650012814
2012-05-13,1709.3831472393256,1647.618345984235,1589.3514226691218,1395.6967877385403,1593.8161357521751,1460.766920784431,1313.031203518821,1464.2559430928861,1434.0201532795008,1494.9003771310372,1678.0787618221707,1633.0746856365545,1652.369471634842,1453.3996211574658,1510.5392618356777,1525.8261963969549,1608.2232364507277,1307.727341808702,1438.6951457693633,1550.6884043393586,1671.5742371730703,1531.769967037652,1263.024540385546,1495.4758859610383,1846.774494094372,1465.2800909678954,1538.9867684702995,1067.063037864889,1373.6643490020663,1284.9240650012814
2012-05-14,1714.7990003922635,1676.627848652726,1589.3514226691218,1395.6967877385403,1611.5199048211407,1460.766920784431,1313.031203518821,1464.2559430928861,1434.0201532795008,1494.9003771310372,1678.0787618221707,1597.2628128436877,1634.6657025658765,1453.3996211574658,1505.1234086827399,1561.6380691898216,1608.2232364507277,1307.727341808702,1438.6951457693633,1550.6884043393586,1642.5647345045793,1531.769967037652,1263.024540385546,1495.4758859610383,1846.774494094372,1465.2800909678954,1538.9867684702995,1067.063037864889,1373.6643490020663,1284.9240650012814
2012-05-15,1703.229769623572,1676.627848652726,1589.3514226691218,1395.6967877385403,1611.5199048211407,1460.766920784431,1313.031203518821,1464.2559430928861,1434.0201532795008,1494.9003771310372,1678.0787618221707,1597.2628128436877,1634.6657025658765,1453.3996211574658,1516.6926394514312,1561.6380691898216,1608.2232364507277,1307.727341808702,1438.6951457693633,1550.6884043393586,1642.5647345045793,1531.769967037652,1263.024540385546,1495.4758859610383,1846.774494094372,1465.2800909678954,1538.9867684702995,1067.063037864889,1373.6643490020663,1284.9240650012814
2012-05-16,1703.229769623572,1667.9986776633784,1589.3514226691218,1395.6967877385403,1611.5199048211407,1460.766920784431,1313.031203518821,1464.2559430928861,1434.0201532795008,1494.9003771310372,1718.2002424979723,1597.2628128436877,1634.6657025658765,1453.3996211574658,1516.6926394514312,1521.51658851402,1608.2232364507277,1307.727341808702,1438.6951457693633,1550.6884043393586,1651.1939054939269,1531.769967037652,1263.024540385546,1495.4758859610383,1846.774494094372,1465.2800909678954,1538.9867684702995,1067.063037864889,1373.6643490020663,1284.9240650012814
2012-05-17,1710.6035827683047,1667.9986776633784,1589.3514226691218,1395.6967877385403,1595.5547084855543,1460.766920784431,1313.031203518821,1464.2559430928861,1434.0201532795008,1494.9003771310372,1718.2002424979723,1597.2628128436877,1634.6657025658765,1453.3996211574658,1509.3188263066986,1521.51658851402,1608.2232364507277,1307.727341808702,1438.6951457693633,1550.6884043393586,1651.1939054939269,1531.769967037652,1263.024540385546,1495.4758859610383,1862.7396904299583,1465.2800909678954,1538.9867684702995,1067.063037864889,1373.6643490020663,1284.9240650012814
2012-05-18,1710.6035827683047,1621.821858517691,1589.3514226691218,1395.6967877385403,1595.5547084855543,1460.766920784431,1313.031203518821,1464.2559430928861,1434.0201532795008,1494.9003771310372,1724.7365377813496,1597.2628128436877,1634.6657025658765,1453.3996211574658,1509.3188263066986,1514.9802932306427,1608.2232364507277,1307.727341808702,1438.6951457693633,1550.6884043393586,1697.3707246396143,1531.769967037652,1263.024540385546,1495.4758859610383,1862.7396904299583,1465.2800909678954,1538.9867684702995,1067.063037864889,1373.6643490020663,1284.9240650012814
2012-05-19,1710.6035827683047,1621.821858517691,1589.3514226691218,1395.6967877385403,1581.2709389515016,1460.766920784431,1313.031203518821,1464.2559430928861,1434.0201532795008,1494.9003771310372,1724.7365377813496,1597.2628128436877,1634.6657025658765,1453.3996211574658,1509.3188263066986,1514.9802932306427,1608.2232364507277,1307.727341808702,1438.6951457693633,1550.6884043393586,1697.3707246396143,1531.769967037652,1263.024540385546,1495.4758859610383,1877.023459964011,1465.2800909678954,1538.9867684702995,1067.063037864889,1373.6643490020663,1284.9240650012814
2012-05-20,1667.0002769875591,1621.821858517691,1589.3514226691218,1395.6967877385403,1578.3403914213911,1460.766920784431,1313.031203518821,1464.2559430928861,1434.0201532795008,1494.9003771310372,1699.2856309064168,1597.2628128436877,1634.6657025658765,1453.3996211574658,1552.9221320874442,1540.4312001055755,1608.2232364507277,1307.727341808702,1438.6951457693633,1550.6884043393586,1697.3707246396143,1531.769967037652,1263.024540385546,1495.4758859610383,1879.9540074941215,1465.2800909678954,1538.9867684702995,1067.063037864889,1373.6643490020663,1284.9240650012814
2012-05-21,1667.0002769875591,1638.3807473755733,1589.3514226691218,1395.6967877385403,1578.3403914213911,1460.766920784431,1313.031203518821,1464.2559430928861,1434.0201532795008,1494.9003771310372,1702.6927318191358,1597.2628128436877,1634.6657025658765,1453.3996211574658,1552.9221320874442,1537.0240991928565,1608.2232364507277,1307.727341808702,1438.6951457693633,1550.6884043393586,1680.811835781732,1531.769967037652,1263.024540385546,1495.4758859610383,1879.9540074941215,1465.2800909678954,1538.9867684702995,1067.063037864889,1373.6643490020663,1284.9240650012814
2012-05-22,1693.6782967116308,1638.3807473755733,1589.3514226691218,1395.6967877385403,1576.814724438315,1460.766920784431,1313.031203518821,1464.2559430928861,1434.0201532795008,1494.9003771310372,1702.6927318191358,1597.2628128436877,1634.6657025658765,1453.3996211574658,1526.2441123633726,1537.0240991928565,1608.2232364507277,1307.727341808702,1438.6951457693633,1550.6884043393586,1680.811835781732,1531.769967037652,1263.024540385546,1495.4758859610383,1881.4796744771977,1465.2800909678954,1538.9867684702995,1067.063037864889,1373.6643490020663,1284.9240650012814
2012-05-23,1693.6782967116308,1638.3807473755733,1589.3514226691218,1395.6967877385403,1576.814724438315,1460.766920784431,1313.031203518821,1464.2559430928861,1434.0201532795008,1494.9003771310372,1724.4166205838742,1597.2628128436877,1634.6657025658765,1453.3996211574658,1526.2441123633726,1515.3002104281181,1608.2232364507277,1307.727341808702,1438.6951457693633,1550.6884043393586,1680.811835781732,1531.769967037652,1263.024540385546,1495.4758859610383,1881.4796744771977,1465.2800909678954,1538.9867684702995,1067.063037864889,1373.6643490020663,1284.9240650012814
2012-05-24,1693.6782967116308,1710.20752512126,1589.3514226691218,1395.6967877385403,1576.814724438315,1460.766920784431,1313.031203518821,1464.2559430928861,1434.0201532795008,1494.9003771310372,1724.4166205838742,1597.2628128436877,1634.6657025658765,1453.3996211574658,1526.2441123633726,1515.3002104281181,1608.2232364507277,1307.727341808702,1438.6951457693633,1550.6884043393586,1608.9850580360453,1531.769967037652,1263.024540385546,1495.4758859610383,1881.4796744771977,1465.2800909678954,1538.9867684702995,1067.063037864889,1373.6643490020663,1284.9240650012814
2012-05-25,1658.4288889725813,1710.20752512126,1589.3514226691218,1395.6967877385403,1576.814724438315,1460.766920784431,1313.031203518821,1464.2559430928861,1434.0201532795008,1494.9003771310372,1724.4166205838742,1597.2628128436877,1634.6657025658765,1453.3996211574658,1561.493520102422,1515.3002104281181,1608.2232364507277,1307.727341808702,1438.6951457693633,1550.6884043393586,1608.9850580360453,1531.769967037652,1263.024540385546,1495.4758859610383,1881.4796744771977,1465.2800909678954,1538.9867684702995,1067.063037864889,1373.6643490020663,1284.9240650012814
2012-05-27,1658.4288889725813,1719.7881278586422,1589.3514226691218,1395.6967877385403,1576.814724438315,1460.766920784431,1313.031203518821,1464.2559430928861,1434.0201532795008,1494.9003771310372,1724.4166205838742,1597.2628128436877,1634.6657025658765,1453.3996211574658,1561.493520102422,1515.3002104281181,1608.2232364507277,1307.727341808702,1438.6951457693633,1550.6884043393586,1599.4044552986632,1531.769967037652,1263.024540385546,1495.4758859610383,1881.4796744771977,1465.2800909678954,1538.9867684702995,1067.063037864889,1373.6643490020663,1284.9240650012814
2012-05-28,1679.41845103806,1719.7881278586422,1589.3514226691218,1395.6967877385403,1576.814724438315,1460.766920784431,1313.031203518821,1464.2559430928861,1434.0201532795008,1494.9003771310372,1724.4166205838742,1597.2628128436877,1634.6657025658765,1453.3996211574658,1540.5039580369432,1515.3002104281181,1608.2232364507277,1307.727341808702,1438.6951457693633,1550.6884043393586,1599.4044552986632,1531.769967037652,1263.024540385546,1495.4758859610383,1881.4796744771977,1465.2800909678954,1538.9867684702995,1067.063037864889,1373.6643490020663,1284.9240650012814
2012-05-29,1679.41845103806,1719.7881278586422,1589.3514226691218,1395.6967877385403,1576.814724438315,1460.766920784431,1313.031203518821,1464.2559430928861,1434.0201532795008,1494.9003771310372,1715.464148208144,1597.2628128436877,1634.6657025658765,1453.3996211574658,1540.5039580369432,1515.3002104281181,1608.2232364507277,1307.727341808702,1438.6951457693633,1550.6884043393586,1599.4044552986632,1531.769967037652,1263.024540385546,1495.4758859610383,1890.4321468529279,1465.2800909678954,1538.9867684702995,1067.063037864889,1373.6643490020663,1284.9240650012814
2012-05-30,1647.815428227296,1751.3911506694062,1589.3514226691218,1395.6967877385403,1576.814724438315,1460.766920784431,1313.031203518821,1464.2559430928861,1434.0201532795008,1494.9003771310372,1715.464148208144,1597.2628128436877,1634.6657025658765,1453.3996211574658,1540.5039580369432,1515.3002104281181,1608.2232364507277,1307.727341808702,1438.6951457693633,1550.6884043393586,1599.4044552986632,1531.769967037652,1263.024540385546,1495.4758859610383,1890.4321468529279,1465.2800909678954,1538.9867684702995,1067.063037864889,1373.6643490020663,1284.9240650012814
2012-05-31,1647.815428227296,1751.3911506694062,1589.3514226691218,1395.6967877385403,1576.814724438315,1460.766920784431,1313.031203518821,1464.2559430928861,1434.0201532795008,1494.9003771310372,1701.0005716638038,1597.2628128436877,1634.6657025658765,1453.3996211574658,1540.5039580369432,1515.3002104281181,1608.2232364507277,1307.727341808702,1438.6951457693633,1550.6884043393586,1599.4044552986632,1531.769967037652,1263.024540385546,1495.4758859610383,1904.895723397268,1465.2800909678954,1538.9867684702995,1067.063037864889,1373.6643490020663,1284.9240650012814
2012-06-01,1635.3325724847566,1763.8740064119456,1589.3514226691218,1395.6967877385403,1576.814724438315,1460.766920784431,1313.031203518821,1464.2559430928861,1434.0201532795008,1494.9003771310372,1701.0005716638038,1597.2628128436877,1634.6657025658765,1453.3996211574658,1540.5039580369432,1515.3002104281181,1608.2232364507277,1307.727341808702,1438.6951457693633,1550.6884043393586,1599.4044552986632,1531.769967037652,1263.024540385546,1495.4758859610383,1904.895723397268,1465.2800909678954,1538.9867684702995,1067.063037864889,1373.6643490020663,1284.9240650012814
2012-06-02,1635.3325724847566,1763.8740064119456,1589.3514226691218,1395.6967877385403,1576.814724438315,1460.766920784431,1313.031203518821,1464.2559430928861,1434.0201532795008,1494.9003771310372,1774.7444863584328,1597.2628128436877,1634.6657025658765,1453.3996211574658,1540.5039580369432,1515.3002104281181,1608.2232364507277,1307.727341808702,1438.6951457693633,1550.6884043393586,1599.4044552986632,1531.769967037652,1263.024540385546,1495.4758859610383,1831.151808702639,1465.2800909678954,1538.9867684702995,1067.063037864889,1373.6643490020663,1284.9240650012814
2012-06-03,1675.3837445364395,1723.8228343602627,1589.3514226691218,1395.6967877385403,1576.814724438315,1460.766920784431,1313.031203518821,1464.2559430928861,1434.0201532795008,1494.9003771310372,1774.7444863584328,1597.2628128436877,1634.6657025658765,1453.3996211574658,1540.5039580369432,1515.3002104281181,1608.2232364507277,1307.727341808702,1438.6951457693633,1550.6884043393586,1599.4044552986632,1531.769967037652,1263.024540385546,1495.4758859610383,1831.151808702639,1465.2800909678954,1538.9867684702995,1067.063037864889,1373.6643490020663,1284.9240650012814
2012-06-04,1675.3837445364395,1723.8228343602627,1589.3514226691218,1395.6967877385403,1576.814724438315,1460.766920784431,1313.031203518821,1464.2559430928861,1434.0201532795008,1494.9003771310372,1799.8824565768864,1597.2628128436877,1634.6657025658765,1453.3996211574658,1540.5039580369432,1515.3002104281181,1608.2232364507277,1307.727341808702,1438.6951457693633,1550.6884043393586,1599.4044552986632,1531.769967037652,1263.024540385546,1495.4758859610383,1806.0138384841855,1465.2800909678954,1538.9867684702995,1067.063037864889,1373.6643490020663,1284.9240650012814
2012-06-05,1690.7691234764275,1708.4374554202748,1589.3514226691218,1395.6967877385403,1576.814724438315,1460.766920784431,1313.031203518821,1464.2559430928861,1434.0201532795008,1494.9003771310372,1799.8824565768864,1597.2628128436877,1634.6657025658765,1453.3996211574658,1540.5039580369432,1515.3002104281181,1608.2232364507277,1307.727341808702,1438.6951457693633,1550.6884043393586,1599.4044552986632,1531.769967037652,1263.024540385546,1495.4758859610383,1806.0138384841855,1465.2800909678954,1538.9867684702995,1067.063037864889,1373.6643490020663,1284.9240650012814
2012-06-06,1690.7691234764275,1708.4374554202748,1589.3514226691218,1395.6967877385403,1576.814724438315,1460.766920784431,1313.031203518821,1464.2559430928861,1434.0201532795008,1494.9003771310372,1809.520673172251,1597.2628128436877,1634.6657025658765,1453.3996211574658,1540.5039580369432,1515.3002104281181,1608.2232364507277,1307.727341808702,1438.6951457693633,1550.6884043393586,1599.4044552986632,1531.769967037652,1263.024540385546,1495.4758859610383,1796.375621888821,1465.2800909678954,1538.9867684702995,1067.063037864889,1373.6643490020663,1284.9240650012814
2012-06-07,1699.8755685150554,1699.3310103816468,1589.3514226691218,1395.6967877385403,1576.814724438315,1460.766920784431,1313.031203518821,1464.2559430928861,1434.0201532795008,1494.9003771310372,1809.520673172251,1597.2628128436877,1634.6657025658765,1453.3996211574658,1540.5039580369432,1515.3002104281181,1608.2232364507277,1307.727341808702,1438.6951457693633,1550.6884043393586,1599.4044552986632,1531.769967037652,1263.024540385546,1495.4758859610383,1796.375621888821,1465.2800909678954,1538.9867684702995,1067.063037864889,1373.6643490020663,1284.9240650012814
2012-06-08,1699.8755685150554,1699.3310103816468,1589.3514226691218,1395.6967877385403,1576.814724438315,1460.766920784431,1313.031203518821,1464.2559430928861,1434.0201532795008,1494.9003771310372,1833.8145188023213,1597.2628128436877,1634.6657025658765,1453.3996211574658,1540.5039580369432,1515.3002104281181,1608.2232364507277,1307.727341808702,1438.6951457693633,1550.6884043393586,1599.4044552986632,1531.769967037652,1263.024540385546,1495.4758859610383,1772.0817762587506,1465.2800909678954,1538.9867684702995,1067.063037864889,1373.6643490020663,1284.9240650012814
2012-06-10,1678.7512208742548,1720.4553580224474,1589.3514226691218,1395.6967877385403,1576.814724438315,1460.766920784431,1313.031203518821,1464.2559430928861,1434.0201532795008,1494.9003771310372,1833.8145188023213,1597.2628128436877,1634.6657025658765,1453.3996211574658,1540.5039580369432,1515.3002104281181,1608.2232364507277,1307.727341808702,1438.6951457693633,1550.6884043393586,1599.4044552986632,1531.769967037652,1263.024540385546,1495.4758859610383,1772.0817762587506,1465.2800909678954,1538.9867684702995,1067.063037864889,1373.6643490020663,1284.9240650012814
2012-06-13,1648.7740110761802,1750.432567820522,1589.3514226691218,1395.6967877385403,1576.814724438315,1460.766920784431,1313.031203518821,1464.2559430928861,1434.0201532795008,1494.9003771310372,1833.8145188023213,1597.2628128436877,1634.6657025658765,1453.3996211574658,1540.5039580369432,1515.3002104281181,1608.2232364507277,1307.727341808702,1438.6951457693633,1550.6884043393586,1599.4044552986632,1531.769967037652,1263.024540385546,1495.4758859610383,1772.0817762587506,1465.2800909678954,1538.9867684702995,1067.063037864889,1373.6643490020663,1284.9240650012814
2012-06-15,1648.7740110761802,1727.0463735163555,1589.3514226691218,1395.6967877385403,1576.814724438315,1460.766920784431,1313.031203518821,1464.2559430928861,1434.0201532795008,1494.9003771310372,1857.200713106488,1597.2628128436877,1634.6657025658765,1453.3996211574658,1540.5039580369432,1515.3002104281181,1608.2232364507277,1307.727341808702,1438.6951457693633,1550.6884043393586,1599.4044552986632,1531.769967037652,1263.024540385546,1495.4758859610383,1772.0817762587506,1465.2800909678954,1538.9867684702995,1067.063037864889,1373.6643490020663,1284.9240650012814
2012-06-18,1648.7740110761802,1741.1299046843783,1589.3514226691218,1395.6967877385403,1576.814724438315,1460.766920784431,1313.031203518821,1464.2559430928861,1434.0201532795008,1494.9003771310372,1843.1171819384651,1597.2628128436877,1634.6657025658765,1453.3996211574658,1540.5039580369432,1515.3002104281181,1608.2232364507277,1307.727341808702,1438.6951457693633,1550.6884043393586,1599.4044552986632,1531.769967037652,1263.024540385546,1495.4758859610383,1772.0817762587506,1465.2800909678954,1538.9867684702995,1067.063037864889,1373.6643490020663,1284.9240650012814
2012-06-20,1648.7740110761802,1769.2355520105846,1589.3514226691218,1395.6967877385403,1576.814724438315,1460.766920784431,1313.031203518821,1464.2559430928861,1434.0201532795008,1494.9003771310372,1815.0115346122589,1597.2628128436877,1634.6657025658765,1453.3996211574658,1540.5039580369432,1515.3002104281181,1608.2232364507277,1307.727341808702,1438.6951457693633,1550.6884043393586,1599.4044552986632,1531.769967037652,1263.024540385546,1495.4758859610383,1772.0817762587506,1465.2800909678954,1538.9867684702995,1067.063037864889,1373.6643490020663,1284.9240650012814
2012-06-22,1648.7740110761802,1793.6855891537991,1589.3514226691218,1395.6967877385403,1576.814724438315,1460.766920784431,1313.031203518821,1464.2559430928861,1434.0201532795008,1494.9003771310372,1790.5614974690443,1597.2628128436877,1634.6657025658765,1453.3996211574658,1540.5039580369432,1515.3002104281181,1608.2232364507277,1307.727341808702,1438.6951457693633,1550.6884043393586,1599.4044552986632,1531.769967037652,1263.024540385546,1495.4758859610383,1772.0817762587506,1465.2800909678954,1538.9867684702995,1067.063037864889,1373.6643490020663,1284.9240650012814
